checking_balance,months_loan_duration,credit_history,purpose,amount,savings_balance,employment_duration,percent_of_income,years_at_residence,age,other_credit,housing,existing_loans_count,job,dependents,phone,default
< 0 DM,6.0,critical,furniture/appliances,1169.0,unknown,> 7 years,4.0,4.0,67.0,none,own,2.0,skilled,1.0,yes,no
1 - 200 DM,48.0,good,furniture/appliances,5951.0,< 100 DM,1 - 4 years,2.0,2.0,22.0,none,own,1.0,skilled,1.0,no,yes
unknown,12.0,critical,education,2096.0,< 100 DM,4 - 7 years,2.0,3.0,49.0,none,own,1.0,unskilled,2.0,no,
< 0 DM,42.0,good,furniture/appliances,7882.0,< 100 DM,4 - 7 years,2.0,4.0,45.0,none,other,1.0,skilled,2.0,no,no
< 0 DM,24.0,poor,car,4870.0,< 100 DM,,3.0,4.0,,none,other,2.0,skilled,2.0,no,yes
unknown,36.0,good,education,9055.0,unknown,1 - 4 years,2.0,4.0,35.0,none,other,1.0,unskilled,2.0,yes,no
unknown,24.0,good,furniture/appliances,2835.0,,> 7 years,3.0,4.0,53.0,none,own,1.0,skilled,1.0,no,no
1 - 200 DM,36.0,good,car,6948.0,< 100 DM,1 - 4 years,2.0,2.0,35.0,none,rent,1.0,management,1.0,yes,no
unknown,12.0,,furniture/appliances,3059.0,> 1000 DM,4 - 7 years,2.0,4.0,61.0,none,own,1.0,unskilled,1.0,no,no
1 - 200 DM,,critical,car,5234.0,< 100 DM,unemployed,4.0,2.0,28.0,none,own,2.0,management,1.0,no,yes
1 - 200 DM,12.0,good,car,1295.0,< 100 DM,,3.0,1.0,25.0,none,,1.0,skilled,1.0,no,yes
< 0 DM,48.0,good,business,4308.0,< 100 DM,< 1 year,3.0,4.0,24.0,none,rent,1.0,skilled,1.0,no,yes
1 - 200 DM,12.0,good,furniture/appliances,1567.0,< 100 DM,1 - 4 years,1.0,1.0,22.0,none,own,1.0,skilled,1.0,yes,no
< 0 DM,24.0,critical,car,1199.0,< 100 DM,> 7 years,4.0,4.0,60.0,none,own,2.0,unskilled,1.0,no,yes
< 0 DM,15.0,good,car,1403.0,< 100 DM,1 - 4 years,2.0,4.0,28.0,none,rent,1.0,skilled,1.0,no,no
< 0 DM,24.0,good,furniture/appliances,1282.0,100 - 500 DM,1 - 4 years,4.0,2.0,32.0,none,own,1.0,unskilled,1.0,no,yes
unknown,24.0,critical,furniture/appliances,2424.0,unknown,> 7 years,4.0,4.0,53.0,none,own,2.0,skilled,1.0,no,no
< 0 DM,30.0,perfect,business,8072.0,unknown,< 1 year,2.0,3.0,25.0,bank,own,3.0,skilled,1.0,no,no
1 - 200 DM,24.0,good,car,12579.0,< 100 DM,> 7 years,4.0,2.0,44.0,none,other,1.0,management,1.0,yes,yes
unknown,24.0,good,furniture/appliances,3430.0,500 - 1000 DM,> 7 years,3.0,2.0,31.0,none,own,1.0,skilled,2.0,yes,no
unknown,9.0,critical,car,2134.0,< 100 DM,1 - 4 years,4.0,4.0,48.0,none,own,3.0,skilled,1.0,yes,no
< 0 DM,6.0,good,furniture/appliances,2647.0,500 - 1000 DM,1 - 4 years,2.0,,44.0,none,rent,1.0,skilled,2.0,no,no
< 0 DM,10.0,critical,car,2241.0,< 100 DM,< 1 year,1.0,3.0,48.0,none,,2.0,unskilled,2.0,no,no
1 - 200 DM,12.0,critical,car,1804.0,100 - 500 DM,< 1 year,3.0,4.0,44.0,none,own,1.0,skilled,1.0,no,no
unknown,10.0,critical,furniture/appliances,2069.0,unknown,1 - 4 years,2.0,1.0,26.0,none,own,2.0,skilled,1.0,no,no
< 0 DM,6.0,good,furniture/appliances,,< 100 DM,1 - 4 years,1.0,2.0,36.0,bank,own,1.0,unskilled,1.0,yes,no
unknown,6.0,,furniture/appliances,426.0,< 100 DM,> 7 years,4.0,4.0,39.0,none,own,1.0,unskilled,1.0,no,no
> 200 DM,12.0,very good,furniture/appliances,409.0,> 1000 DM,1 - 4 years,3.0,3.0,42.0,none,rent,2.0,skilled,1.0,no,
1 - 200 DM,7.0,good,furniture/appliances,2415.0,< 100 DM,1 - 4 years,3.0,2.0,34.0,none,own,1.0,skilled,1.0,no,no
< 0 DM,60.0,poor,business,6836.0,< 100 DM,> 7 years,3.0,4.0,63.0,none,,2.0,skilled,1.0,yes,yes
1 - 200 DM,18.0,good,business,1913.0,> 1000 DM,< 1 year,3.0,3.0,36.0,bank,own,1.0,skilled,1.0,yes,no
< 0 DM,24.0,good,furniture/appliances,4020.0,< 100 DM,1 - 4 years,2.0,2.0,27.0,store,own,1.0,skilled,1.0,no,no
1 - 200 DM,18.0,good,car,5866.0,100 - 500 DM,1 - 4 years,2.0,2.0,30.0,none,own,2.0,skilled,1.0,yes,no
unknown,12.0,critical,business,1264.0,unknown,> 7 years,4.0,4.0,57.0,none,rent,1.0,unskilled,1.0,no,no
> 200 DM,12.0,good,furniture/appliances,1474.0,< 100 DM,< 1 year,4.0,1.0,33.0,bank,own,1.0,management,1.0,yes,no
1 - 200 DM,45.0,critical,furniture/appliances,4746.0,< 100 DM,< 1 year,4.0,2.0,25.0,none,own,,unskilled,1.0,no,yes
unknown,48.0,critical,education,6110.0,,1 - 4 years,1.0,3.0,31.0,bank,other,1.0,skilled,1.0,yes,no
> 200 DM,18.0,good,furniture/appliances,2100.0,< 100 DM,1 - 4 years,4.0,2.0,37.0,store,own,1.0,skilled,1.0,no,yes
> 200 DM,10.0,good,furniture/appliances,1225.0,< 100 DM,1 - 4 years,2.0,2.0,37.0,none,own,1.0,skilled,1.0,yes,no
1 - 200 DM,9.0,,furniture/appliances,458.0,< 100 DM,1 - 4 years,4.0,3.0,24.0,none,own,1.0,skilled,1.0,,no
unknown,30.0,good,furniture/appliances,2333.0,500 - 1000 DM,> 7 years,4.0,2.0,30.0,bank,own,1.0,management,1.0,no,no
1 - 200 DM,12.0,good,furniture/appliances,1158.0,500 - 1000 DM,1 - 4 years,3.0,1.0,26.0,none,own,1.0,skilled,1.0,yes,no
1 - 200 DM,18.0,poor,renovations,6204.0,< 100 DM,1 - 4 years,2.0,4.0,44.0,none,own,1.0,unskilled,2.0,yes,no
< 0 DM,30.0,critical,car,6187.0,100 - 500 DM,4 - 7 years,1.0,4.0,24.0,none,rent,2.0,skilled,1.0,no,no
< 0 DM,48.0,critical,car,6143.0,< 100 DM,> 7 years,4.0,4.0,58.0,store,other,2.0,unskilled,1.0,no,yes
unknown,11.0,critical,car,1393.0,< 100 DM,< 1 year,4.0,4.0,35.0,none,,2.0,management,1.0,no,no
unknown,36.0,good,furniture/appliances,2299.0,500 - 1000 DM,> 7 years,4.0,4.0,39.0,none,own,1.0,skilled,1.0,no,no
< 0 DM,6.0,good,car,1352.0,500 - 1000 DM,unemployed,1.0,2.0,23.0,none,rent,1.0,unemployed,1.0,yes,no
unknown,11.0,critical,car,7228.0,< 100 DM,1 - 4 years,1.0,4.0,39.0,none,own,2.0,unskilled,1.0,no,no
unknown,12.0,good,furniture/appliances,2073.0,100 - 500 DM,1 - 4 years,4.0,2.0,28.0,none,own,1.0,skilled,1.0,no,no
1 - 200 DM,24.0,poor,furniture/appliances,2333.0,unknown,< 1 year,4.0,2.0,29.0,bank,own,1.0,unskilled,1.0,no,no
1 - 200 DM,27.0,poor,car,5965.0,< 100 DM,> 7 years,1.0,2.0,30.0,none,own,2.0,management,1.0,yes,no
unknown,12.0,good,furniture/appliances,1262.0,< 100 DM,1 - 4 years,3.0,2.0,25.0,none,own,1.0,skilled,1.0,no,no
unknown,18.0,good,car,3378.0,unknown,1 - 4 years,2.0,,31.0,none,own,1.0,skilled,1.0,yes,no
1 - 200 DM,36.0,poor,car,2225.0,< 100 DM,> 7 years,4.0,4.0,,bank,other,2.0,skilled,1.0,yes,yes
unknown,6.0,very good,car,783.0,unknown,1 - 4 years,1.0,2.0,26.0,store,own,1.0,unskilled,2.0,no,no
1 - 200 DM,12.0,good,furniture/appliances,6468.0,unknown,unemployed,2.0,1.0,52.0,none,own,1.0,management,1.0,yes,yes
unknown,36.0,critical,furniture/appliances,9566.0,< 100 DM,1 - 4 years,2.0,2.0,31.0,store,own,2.0,skilled,1.0,no,no
> 200 DM,18.0,good,car,1961.0,< 100 DM,> 7 years,3.0,2.0,23.0,none,own,1.0,management,1.0,no,no
< 0 DM,36.0,critical,furniture/appliances,6229.0,< 100 DM,< 1 year,4.0,4.0,23.0,none,rent,2.0,unskilled,1.0,yes,yes
1 - 200 DM,9.0,good,business,1391.0,< 100 DM,1 - 4 years,2.0,1.0,27.0,bank,own,1.0,skilled,1.0,yes,no
1 - 200 DM,15.0,critical,furniture/appliances,1537.0,,> 7 years,4.0,4.0,50.0,none,own,2.0,skilled,1.0,yes,no
1 - 200 DM,36.0,perfect,business,1953.0,< 100 DM,> 7 years,4.0,4.0,61.0,none,other,1.0,management,1.0,yes,yes
1 - 200 DM,48.0,perfect,business,14421.0,< 100 DM,1 - 4 years,2.0,2.0,25.0,none,own,1.0,skilled,1.0,yes,yes
unknown,24.0,good,furniture/appliances,3181.0,< 100 DM,< 1 year,,4.0,26.0,none,own,1.0,skilled,1.0,yes,no
unknown,27.0,good,renovations,5190.0,unknown,> 7 years,4.0,4.0,48.0,none,own,4.0,skilled,2.0,yes,no
unknown,12.0,good,furniture/appliances,2171.0,< 100 DM,< 1 year,2.0,2.0,29.0,bank,own,1.0,skilled,1.0,no,no
1 - 200 DM,12.0,good,car,1007.0,> 1000 DM,1 - 4 years,4.0,1.0,22.0,none,own,1.0,skilled,1.0,no,no
unknown,36.0,good,education,1819.0,< 100 DM,1 - 4 years,4.0,4.0,37.0,store,other,1.0,skilled,1.0,yes,yes
unknown,36.0,good,furniture/appliances,2394.0,unknown,1 - 4 years,4.0,4.0,25.0,none,own,1.0,skilled,1.0,no,no
unknown,,good,,8133.0,< 100 DM,1 - 4 years,1.0,2.0,30.0,bank,own,1.0,skilled,1.0,no,no
unknown,7.0,critical,furniture/appliances,730.0,unknown,> 7 years,4.0,2.0,46.0,none,rent,2.0,unskilled,1.0,yes,no
< 0 DM,8.0,critical,car0,1164.0,< 100 DM,> 7 years,3.0,4.0,51.0,bank,other,2.0,management,2.0,yes,no
1 - 200 DM,42.0,critical,business,5954.0,< 100 DM,4 - 7 years,2.0,1.0,41.0,bank,own,2.0,unskilled,1.0,no,no
< 0 DM,36.0,good,education,1977.0,unknown,> 7 years,4.0,4.0,40.0,,own,1.0,management,1.0,yes,yes
< 0 DM,12.0,critical,car,1526.0,< 100 DM,> 7 years,4.0,4.0,66.0,none,other,2.0,management,1.0,no,no
,42.0,good,furniture/appliances,3965.0,< 100 DM,< 1 year,4.0,3.0,34.0,none,own,1.0,skilled,1.0,no,yes
1 - 200 DM,11.0,poor,furniture/appliances,4771.0,< 100 DM,4 - 7 years,2.0,4.0,51.0,none,own,1.0,skilled,1.0,no,no
unknown,54.0,perfect,car,9436.0,unknown,1 - 4 years,2.0,2.0,39.0,none,own,1.0,unskilled,2.0,no,no
1 - 200 DM,30.0,good,furniture/appliances,3832.0,< 100 DM,< 1 year,2.0,1.0,22.0,none,own,1.0,,1.0,no,no
unknown,24.0,good,furniture/appliances,5943.0,unknown,< 1 year,1.0,1.0,44.0,none,own,2.0,skilled,1.0,yes,yes
unknown,15.0,good,furniture/appliances,1213.0,500 - 1000 DM,> 7 years,4.0,3.0,47.0,store,own,1.0,skilled,1.0,yes,no
unknown,18.0,good,business,1568.0,100 - 500 DM,1 - 4 years,3.0,4.0,24.0,none,rent,1.0,unskilled,1.0,no,no
< 0 DM,24.0,good,car0,1755.0,< 100 DM,> 7 years,4.0,4.0,58.0,none,own,1.0,unskilled,1.0,yes,no
< 0 DM,10.0,good,furniture/appliances,2315.0,< 100 DM,> 7 years,3.0,4.0,52.0,none,own,1.0,unskilled,1.0,no,no
unknown,12.0,critical,business,1412.0,< 100 DM,1 - 4 years,4.0,2.0,29.0,none,own,2.0,management,1.0,yes,no
1 - 200 DM,18.0,critical,furniture/appliances,1295.0,< 100 DM,< 1 year,4.0,1.0,27.0,none,own,2.0,skilled,1.0,no,no
1 - 200 DM,36.0,good,education,12612.0,100 - 500 DM,1 - 4 years,1.0,4.0,47.0,none,other,1.0,skilled,2.0,yes,
< 0 DM,18.0,good,car,2249.0,100 - 500 DM,4 - 7 years,,3.0,30.0,none,own,1.0,management,2.0,yes,no
< 0 DM,12.0,perfect,renovations,1108.0,< 100 DM,4 - 7 years,4.0,3.0,28.0,none,own,2.0,skilled,1.0,no,yes
unknown,,critical,furniture/appliances,618.0,< 100 DM,> 7 years,,4.0,56.0,none,own,1.0,skilled,1.0,no,no
< 0 DM,12.0,critical,car,1409.0,< 100 DM,> 7 years,4.0,3.0,54.0,none,own,1.0,skilled,1.0,no,no
unknown,12.0,critical,furniture/appliances,797.0,unknown,> 7 years,4.0,3.0,33.0,bank,own,1.0,unskilled,2.0,no,yes
> 200 DM,,critical,furniture/appliances,3617.0,unknown,> 7 years,4.0,4.0,20.0,none,,2.0,skilled,1.0,,no
1 - 200 DM,12.0,good,,1318.0,> 1000 DM,> 7 years,4.0,4.0,54.0,none,own,1.0,skilled,1.0,yes,no
1 - 200 DM,54.0,perfect,business,15945.0,< 100 DM,,3.0,4.0,58.0,none,rent,1.0,skilled,1.0,yes,yes
unknown,12.0,critical,education,2012.0,unknown,4 - 7 years,4.0,2.0,61.0,none,own,1.0,skilled,1.0,no,no
1 - 200 DM,18.0,good,,2622.0,100 - 500 DM,1 - 4 years,4.0,4.0,34.0,none,own,1.0,skilled,1.0,no,no
1 - 200 DM,36.0,critical,furniture/appliances,2337.0,< 100 DM,> 7 years,4.0,4.0,36.0,none,own,1.0,skilled,1.0,no,no
1 - 200 DM,20.0,poor,car,7057.0,unknown,4 - 7 years,3.0,4.0,36.0,bank,rent,2.0,management,2.0,yes,no
unknown,,good,car,1469.0,100 - 500 DM,> 7 years,4.0,4.0,41.0,none,rent,1.0,unskilled,1.0,no,no
1 - 200 DM,36.0,good,furniture/appliances,2323.0,,4 - 7 years,4.0,4.0,,none,rent,1.0,skilled,1.0,no,no
unknown,6.0,poor,furniture/appliances,932.0,< 100 DM,1 - 4 years,3.0,2.0,24.0,none,own,1.0,,1.0,,no
1 - 200 DM,9.0,critical,furniture/appliances,1919.0,< 100 DM,4 - 7 years,4.0,3.0,35.0,none,rent,1.0,skilled,1.0,yes,no
unknown,12.0,good,car,2445.0,unknown,< 1 year,2.0,4.0,26.0,none,rent,1.0,skilled,1.0,yes,no
1 - 200 DM,24.0,critical,,11938.0,< 100 DM,1 - 4 years,2.0,3.0,39.0,none,own,2.0,management,2.0,yes,yes
unknown,18.0,very good,car,6458.0,< 100 DM,> 7 years,2.0,4.0,39.0,bank,own,2.0,management,2.0,yes,yes
1 - 200 DM,12.0,good,car,6078.0,< 100 DM,4 - 7 years,2.0,2.0,32.0,none,own,1.0,skilled,1.0,no,no
< 0 DM,24.0,good,furniture/appliances,7721.0,unknown,< 1 year,1.0,2.0,30.0,none,own,1.0,skilled,1.0,yes,no
1 - 200 DM,14.0,good,business,1410.0,500 - 1000 DM,> 7 years,1.0,2.0,35.0,none,own,1.0,skilled,1.0,yes,no
1 - 200 DM,6.0,poor,business,1449.0,100 - 500 DM,> 7 years,1.0,2.0,31.0,bank,own,2.0,skilled,2.0,no,no
> 200 DM,15.0,good,education,392.0,< 100 DM,< 1 year,4.0,4.0,23.0,none,rent,1.0,skilled,1.0,yes,no
1 - 200 DM,18.0,good,car,6260.0,< 100 DM,4 - 7 years,3.0,3.0,28.0,none,rent,1.0,unskilled,1.0,no,no
unknown,36.0,critical,car,7855.0,< 100 DM,1 - 4 years,4.0,2.0,25.0,store,own,2.0,skilled,1.0,yes,yes
< 0 DM,12.0,good,furniture/appliances,1680.0,500 - 1000 DM,> 7 years,,1.0,35.0,none,own,1.0,skilled,1.0,no,no
unknown,48.0,critical,furniture/appliances,3578.0,unknown,> 7 years,4.0,1.0,47.0,none,own,1.0,skilled,1.0,yes,no
< 0 DM,42.0,good,furniture/appliances,7174.0,unknown,4 - 7 years,4.0,3.0,30.0,none,own,1.0,management,1.0,yes,yes
< 0 DM,10.0,critical,furniture/appliances,2132.0,unknown,< 1 year,2.0,3.0,27.0,none,rent,,skilled,1.0,no,no
< 0 DM,33.0,critical,furniture/appliances,4281.0,500 - 1000 DM,1 - 4 years,1.0,4.0,23.0,none,own,2.0,skilled,1.0,,yes
1 - 200 DM,12.0,critical,car,2366.0,500 - 1000 DM,4 - 7 years,3.0,3.0,36.0,none,own,1.0,management,1.0,yes,no
< 0 DM,21.0,good,furniture/appliances,1835.0,< 100 DM,1 - 4 years,3.0,2.0,25.0,none,own,2.0,skilled,1.0,yes,yes
unknown,24.0,critical,car,3868.0,< 100 DM,> 7 years,4.0,2.0,41.0,none,rent,2.0,management,1.0,yes,no
unknown,12.0,,furniture/appliances,1768.0,< 100 DM,1 - 4 years,3.0,2.0,24.0,none,rent,1.0,unskilled,1.0,,no
> 200 DM,10.0,critical,car,781.0,< 100 DM,,4.0,4.0,63.0,none,other,2.0,skilled,1.0,,no
1 - 200 DM,18.0,good,furniture/appliances,1924.0,unknown,< 1 year,4.0,3.0,27.0,none,rent,1.0,skilled,1.0,no,yes
< 0 DM,12.0,critical,car,2121.0,< 100 DM,1 - 4 years,4.0,2.0,30.0,none,own,2.0,skilled,1.0,no,
< 0 DM,12.0,good,furniture/appliances,701.0,< 100 DM,1 - 4 years,4.0,2.0,40.0,none,own,,unskilled,1.0,no,no
1 - 200 DM,12.0,good,renovations,639.0,< 100 DM,1 - 4 years,4.0,2.0,30.0,none,own,1.0,skilled,1.0,no,
1 - 200 DM,12.0,critical,car,1860.0,< 100 DM,unemployed,4.0,2.0,34.0,none,own,2.0,management,1.0,yes,no
< 0 DM,12.0,critical,car,3499.0,< 100 DM,1 - 4 years,3.0,2.0,29.0,none,,2.0,,1.0,no,yes
1 - 200 DM,48.0,,car,8487.0,unknown,4 - 7 years,1.0,2.0,24.0,none,own,1.0,skilled,1.0,no,no
< 0 DM,36.0,poor,education,6887.0,< 100 DM,1 - 4 years,4.0,3.0,29.0,store,own,1.0,skilled,1.0,yes,yes
unknown,15.0,good,furniture/appliances,2708.0,< 100 DM,< 1 year,2.0,3.0,27.0,bank,own,2.0,unskilled,1.0,no,no
unknown,18.0,good,furniture/appliances,1984.0,< 100 DM,1 - 4 years,4.0,4.0,47.0,bank,other,2.0,skilled,1.0,no,no
unknown,60.0,good,furniture/appliances,10144.0,100 - 500 DM,4 - 7 years,2.0,4.0,21.0,none,own,1.0,skilled,1.0,yes,
unknown,12.0,critical,furniture/appliances,1240.0,unknown,> 7 years,4.0,2.0,38.0,,own,2.0,skilled,1.0,yes,no
,27.0,poor,car,8613.0,> 1000 DM,1 - 4 years,2.0,2.0,27.0,none,own,2.0,skilled,1.0,no,no
1 - 200 DM,12.0,good,furniture/appliances,766.0,500 - 1000 DM,,4.0,3.0,66.0,none,own,1.0,unskilled,,no,yes
1 - 200 DM,15.0,critical,furniture/appliances,2728.0,unknown,4 - 7 years,4.0,2.0,35.0,bank,own,3.0,,1.0,yes,no
> 200 DM,12.0,good,furniture/appliances,1881.0,< 100 DM,1 - 4 years,2.0,2.0,44.0,none,rent,1.0,unskilled,1.0,yes,no
> 200 DM,6.0,good,car,709.0,> 1000 DM,< 1 year,2.0,2.0,27.0,none,own,1.0,unemployed,1.0,no,no
1 - 200 DM,36.0,good,furniture/appliances,4795.0,< 100 DM,< 1 year,4.0,1.0,30.0,none,own,1.0,management,1.0,yes,no
< 0 DM,27.0,good,furniture/appliances,3416.0,< 100 DM,1 - 4 years,3.0,2.0,27.0,none,own,1.0,management,1.0,no,no
< 0 DM,18.0,good,furniture/appliances,2462.0,< 100 DM,1 - 4 years,2.0,2.0,22.0,none,own,1.0,skilled,1.0,no,yes
unknown,21.0,critical,furniture/appliances,2288.0,< 100 DM,< 1 year,4.0,4.0,23.0,none,own,1.0,skilled,1.0,yes,no
1 - 200 DM,48.0,very good,business,3566.0,100 - 500 DM,4 - 7 years,4.0,2.0,30.0,none,own,1.0,skilled,1.0,no,no
< 0 DM,6.0,critical,car,860.0,< 100 DM,> 7 years,1.0,4.0,39.0,none,own,2.0,skilled,1.0,yes,no
unknown,12.0,critical,car,682.0,100 - 500 DM,4 - 7 years,4.0,3.0,51.0,none,own,,,1.0,yes,no
< 0 DM,36.0,critical,furniture/appliances,,< 100 DM,1 - 4 years,3.0,2.0,28.0,none,own,2.0,skilled,1.0,no,no
unknown,18.0,critical,furniture/appliances,1582.0,> 1000 DM,> 7 years,4.0,4.0,46.0,none,own,2.0,skilled,1.0,no,no
unknown,6.0,good,furniture/appliances,1346.0,100 - 500 DM,> 7 years,2.0,4.0,42.0,bank,other,1.0,skilled,2.0,yes,no
unknown,10.0,good,furniture/appliances,1924.0,< 100 DM,1 - 4 years,1.0,4.0,38.0,none,own,1.0,skilled,1.0,yes,no
> 200 DM,36.0,good,furniture/appliances,5848.0,< 100 DM,1 - 4 years,4.0,1.0,24.0,none,own,1.0,skilled,1.0,no,no
1 - 200 DM,24.0,critical,car,7758.0,> 1000 DM,> 7 years,2.0,4.0,29.0,none,rent,1.0,skilled,1.0,no,no
1 - 200 DM,24.0,poor,business,6967.0,100 - 500 DM,4 - 7 years,4.0,4.0,36.0,none,rent,1.0,management,1.0,yes,no
< 0 DM,12.0,good,furniture/appliances,1282.0,< 100 DM,1 - 4 years,2.0,4.0,20.0,none,rent,1.0,skilled,1.0,no,yes
< 0 DM,9.0,critical,renovations,1288.0,100 - 500 DM,> 7 years,3.0,4.0,48.0,none,own,2.0,skilled,2.0,no,no
< 0 DM,12.0,very good,education,339.0,,> 7 years,4.0,1.0,45.0,bank,own,1.0,unskilled,1.0,no,no
1 - 200 DM,24.0,good,car,3512.0,100 - 500 DM,4 - 7 years,2.0,3.0,38.0,bank,own,2.0,skilled,1.0,yes,no
unknown,6.0,critical,furniture/appliances,1898.0,,1 - 4 years,1.0,2.0,34.0,none,own,2.0,unskilled,2.0,no,no
unknown,24.0,critical,furniture/appliances,2872.0,100 - 500 DM,> 7 years,3.0,4.0,36.0,none,own,1.0,skilled,2.0,yes,no
unknown,18.0,critical,car,1055.0,< 100 DM,< 1 year,4.0,1.0,30.0,none,own,2.0,skilled,1.0,no,no
unknown,15.0,good,furniture/appliances,1262.0,500 - 1000 DM,4 - 7 years,4.0,3.0,36.0,none,own,2.0,skilled,1.0,yes,no
1 - 200 DM,10.0,good,car,7308.0,< 100 DM,unemployed,2.0,4.0,70.0,bank,other,1.0,management,1.0,,no
unknown,36.0,good,car,909.0,500 - 1000 DM,> 7 years,4.0,4.0,36.0,none,own,1.0,skilled,1.0,no,
unknown,6.0,good,furniture/appliances,2978.0,500 - 1000 DM,1 - 4 years,1.0,2.0,32.0,none,own,1.0,skilled,1.0,yes,no
< 0 DM,18.0,good,furniture/appliances,1131.0,< 100 DM,unemployed,4.0,2.0,33.0,none,own,1.0,skilled,1.0,no,yes
1 - 200 DM,11.0,good,furniture/appliances,1577.0,> 1000 DM,< 1 year,4.0,1.0,20.0,none,own,1.0,skilled,1.0,no,no
unknown,24.0,good,furniture/appliances,3972.0,< 100 DM,4 - 7 years,2.0,4.0,25.0,none,rent,1.0,skilled,1.0,yes,no
1 - 200 DM,24.0,critical,business,1935.0,< 100 DM,> 7 years,4.0,4.0,31.0,none,own,2.0,,,yes,yes
< 0 DM,15.0,perfect,car,950.0,< 100 DM,> 7 years,4.0,3.0,,none,rent,2.0,skilled,,no,yes
unknown,12.0,good,furniture/appliances,763.0,,1 - 4 years,4.0,1.0,26.0,none,own,1.0,skilled,1.0,yes,no
1 - 200 DM,,poor,furniture/appliances,2064.0,< 100 DM,unemployed,3.0,2.0,34.0,none,own,,management,1.0,yes,yes
1 - 200 DM,8.0,good,furniture/appliances,1414.0,,1 - 4 years,4.0,2.0,33.0,none,own,1.0,skilled,1.0,no,no
,21.0,poor,education,3414.0,< 100 DM,< 1 year,2.0,1.0,26.0,none,own,2.0,skilled,1.0,no,yes
unknown,30.0,very good,car,7485.0,unknown,unemployed,4.0,1.0,53.0,bank,own,1.0,management,,,yes
< 0 DM,12.0,,furniture/appliances,2577.0,< 100 DM,1 - 4 years,2.0,1.0,42.0,none,own,1.0,,1.0,no,no
< 0 DM,6.0,critical,furniture/appliances,338.0,500 - 1000 DM,> 7 years,4.0,4.0,52.0,none,own,2.0,skilled,1.0,no,no
unknown,12.0,good,furniture/appliances,1963.0,< 100 DM,4 - 7 years,4.0,2.0,31.0,none,rent,2.0,management,2.0,yes,no
< 0 DM,21.0,critical,car,571.0,< 100 DM,> 7 years,4.0,4.0,65.0,none,own,2.0,skilled,1.0,no,no
unknown,36.0,poor,business,9572.0,< 100 DM,< 1 year,1.0,1.0,28.0,none,own,2.0,skilled,1.0,no,yes
1 - 200 DM,36.0,poor,business,4455.0,< 100 DM,1 - 4 years,2.0,2.0,30.0,store,own,,management,1.0,yes,yes
< 0 DM,21.0,very good,car,1647.0,unknown,1 - 4 years,4.0,,,none,own,2.0,unskilled,2.0,no,yes
unknown,24.0,critical,furniture/appliances,3777.0,> 1000 DM,1 - 4 years,4.0,4.0,50.0,none,own,1.0,skilled,1.0,yes,no
1 - 200 DM,18.0,critical,car,884.0,< 100 DM,> 7 years,4.0,4.0,36.0,bank,own,1.0,skilled,2.0,yes,yes
unknown,15.0,critical,furniture/appliances,1360.0,< 100 DM,1 - 4 years,4.0,2.0,31.0,none,own,2.0,skilled,1.0,no,no
1 - 200 DM,9.0,very good,car,5129.0,< 100 DM,> 7 years,2.0,4.0,74.0,bank,other,1.0,management,2.0,yes,yes
1 - 200 DM,16.0,critical,car,1175.0,< 100 DM,unemployed,2.0,3.0,68.0,none,other,3.0,unemployed,1.0,yes,no
< 0 DM,12.0,good,furniture/appliances,674.0,100 - 500 DM,4 - 7 years,4.0,1.0,,none,own,1.0,skilled,1.0,no,yes
1 - 200 DM,18.0,perfect,furniture/appliances,3244.0,< 100 DM,1 - 4 years,1.0,4.0,33.0,bank,own,2.0,skilled,1.0,yes,no
unknown,24.0,good,business,4591.0,> 1000 DM,1 - 4 years,2.0,3.0,54.0,none,own,3.0,management,1.0,yes,yes
1 - 200 DM,48.0,perfect,business,3844.0,100 - 500 DM,4 - 7 years,4.0,4.0,34.0,none,other,1.0,unskilled,2.0,no,yes
1 - 200 DM,27.0,good,business,3915.0,< 100 DM,1 - 4 years,4.0,2.0,36.0,none,own,1.0,skilled,2.0,yes,yes
unknown,6.0,good,furniture/appliances,2108.0,< 100 DM,,2.0,2.0,29.0,none,rent,1.0,skilled,1.0,no,no
1 - 200 DM,45.0,good,furniture/appliances,3031.0,100 - 500 DM,1 - 4 years,4.0,4.0,21.0,none,rent,1.0,skilled,1.0,no,yes
1 - 200 DM,9.0,critical,education,1501.0,< 100 DM,> 7 years,2.0,3.0,34.0,none,own,2.0,management,1.0,yes,yes
unknown,6.0,critical,,1382.0,< 100 DM,1 - 4 years,1.0,1.0,28.0,none,own,2.0,,1.0,yes,no
1 - 200 DM,12.0,good,furniture/appliances,951.0,100 - 500 DM,< 1 year,4.0,4.0,27.0,bank,rent,4.0,skilled,1.0,no,yes
1 - 200 DM,24.0,good,car,2760.0,unknown,> 7 years,4.0,4.0,36.0,bank,other,1.0,skilled,1.0,yes,no
1 - 200 DM,18.0,poor,furniture/appliances,4297.0,< 100 DM,> 7 years,4.0,3.0,40.0,none,own,1.0,management,1.0,yes,yes
unknown,9.0,critical,education,936.0,500 - 1000 DM,> 7 years,4.0,2.0,52.0,none,own,2.0,skilled,1.0,yes,no
< 0 DM,12.0,good,car,1168.0,< 100 DM,1 - 4 years,4.0,3.0,27.0,none,own,1.0,unskilled,1.0,no,no
unknown,27.0,poor,business,5117.0,< 100 DM,4 - 7 years,3.0,4.0,26.0,none,own,2.0,skilled,1.0,no,no
< 0 DM,12.0,good,education,902.0,< 100 DM,4 - 7 years,4.0,4.0,21.0,none,rent,1.0,skilled,1.0,no,
unknown,12.0,critical,car,1495.0,,> 7 years,4.0,1.0,38.0,none,own,2.0,unskilled,2.0,no,no
< 0 DM,30.0,critical,,10623.0,< 100 DM,> 7 years,3.0,,38.0,none,other,3.0,management,2.0,yes,
unknown,12.0,,furniture/appliances,1935.0,< 100 DM,> 7 years,4.0,4.0,43.0,none,own,3.0,skilled,1.0,,no
1 - 200 DM,12.0,critical,furniture/appliances,1424.0,< 100 DM,4 - 7 years,4.0,3.0,26.0,none,own,1.0,skilled,1.0,no,no
< 0 DM,24.0,good,business,6568.0,< 100 DM,1 - 4 years,2.0,2.0,21.0,store,own,1.0,unskilled,1.0,no,no
unknown,12.0,,car,1413.0,> 1000 DM,4 - 7 years,3.0,2.0,55.0,none,own,1.0,skilled,1.0,no,no
,9.0,critical,furniture/appliances,3074.0,unknown,1 - 4 years,1.0,2.0,33.0,none,own,2.0,skilled,2.0,no,no
unknown,36.0,good,,3835.0,unknown,> 7 years,2.0,4.0,45.0,none,own,1.0,unskilled,1.0,yes,no
< 0 DM,27.0,perfect,business,5293.0,< 100 DM,unemployed,2.0,4.0,50.0,store,own,2.0,skilled,1.0,yes,yes
> 200 DM,30.0,poor,business,1908.0,< 100 DM,> 7 years,4.0,4.0,66.0,none,own,1.0,management,1.0,yes,yes
unknown,36.0,critical,furniture/appliances,3342.0,unknown,> 7 years,4.0,2.0,51.0,none,own,1.0,skilled,1.0,yes,no
1 - 200 DM,6.0,critical,education,932.0,unknown,4 - 7 years,1.0,3.0,39.0,none,own,2.0,unskilled,1.0,no,no
< 0 DM,18.0,perfect,business,3104.0,< 100 DM,4 - 7 years,3.0,1.0,31.0,bank,own,1.0,skilled,1.0,yes,no
> 200 DM,36.0,good,furniture/appliances,3913.0,< 100 DM,1 - 4 years,2.0,2.0,23.0,none,own,1.0,skilled,1.0,yes,no
< 0 DM,24.0,good,furniture/appliances,3021.0,< 100 DM,1 - 4 years,2.0,2.0,24.0,none,rent,1.0,unskilled,1.0,no,no
unknown,10.0,good,car,1364.0,< 100 DM,1 - 4 years,2.0,4.0,64.0,,own,1.0,skilled,1.0,yes,no
1 - 200 DM,12.0,good,furniture/appliances,625.0,< 100 DM,< 1 year,4.0,1.0,26.0,bank,own,1.0,unskilled,1.0,no,no
< 0 DM,12.0,good,education,1200.0,unknown,1 - 4 years,4.0,4.0,23.0,bank,rent,1.0,skilled,1.0,yes,no
unknown,12.0,good,furniture/appliances,707.0,< 100 DM,1 - 4 years,4.0,2.0,30.0,bank,own,2.0,skilled,1.0,no,no
unknown,24.0,poor,,2978.0,unknown,1 - 4 years,4.0,4.0,32.0,none,own,2.0,skilled,2.0,yes,no
unknown,15.0,good,car,4657.0,< 100 DM,1 - 4 years,3.0,2.0,30.0,none,own,1.0,skilled,1.0,yes,no
unknown,36.0,perfect,renovations,2613.0,< 100 DM,1 - 4 years,4.0,2.0,27.0,none,own,2.0,,1.0,no,no
1 - 200 DM,48.0,good,furniture/appliances,10961.0,> 1000 DM,4 - 7 years,1.0,2.0,27.0,bank,own,2.0,skilled,1.0,yes,yes
< 0 DM,12.0,good,furniture/appliances,7865.0,< 100 DM,> 7 years,4.0,4.0,53.0,none,other,1.0,management,1.0,yes,yes
unknown,9.0,good,furniture/appliances,1478.0,< 100 DM,4 - 7 years,4.0,2.0,22.0,none,own,1.0,skilled,1.0,no,yes
< 0 DM,24.0,good,furniture/appliances,3149.0,< 100 DM,< 1 year,4.0,1.0,22.0,bank,other,1.0,skilled,1.0,no,no
> 200 DM,36.0,good,furniture/appliances,4210.0,< 100 DM,1 - 4 years,4.0,2.0,26.0,none,own,1.0,skilled,1.0,no,yes
unknown,9.0,good,car,2507.0,500 - 1000 DM,> 7 years,2.0,4.0,51.0,none,other,1.0,unskilled,1.0,no,no
unknown,12.0,good,furniture/appliances,2141.0,100 - 500 DM,4 - 7 years,3.0,1.0,35.0,none,own,1.0,skilled,1.0,no,no
1 - 200 DM,18.0,good,furniture/appliances,866.0,< 100 DM,1 - 4 years,4.0,2.0,25.0,none,own,1.0,unskilled,1.0,no,no
unknown,4.0,critical,furniture/appliances,1544.0,< 100 DM,4 - 7 years,2.0,1.0,42.0,none,own,3.0,unskilled,2.0,no,no
,24.0,good,furniture/appliances,1823.0,< 100 DM,unemployed,4.0,2.0,30.0,store,own,1.0,management,2.0,no,yes
1 - 200 DM,6.0,good,car,14555.0,unknown,unemployed,1.0,2.0,23.0,none,own,1.0,unemployed,1.0,yes,yes
1 - 200 DM,21.0,good,business,2767.0,100 - 500 DM,> 7 years,4.0,2.0,61.0,bank,rent,2.0,unskilled,1.0,,yes
unknown,12.0,critical,furniture/appliances,1291.0,< 100 DM,1 - 4 years,4.0,2.0,35.0,none,own,2.0,skilled,1.0,no,no
< 0 DM,30.0,good,furniture/appliances,2522.0,< 100 DM,> 7 years,1.0,3.0,39.0,none,own,1.0,skilled,2.0,no,no
< 0 DM,24.0,good,car,915.0,unknown,> 7 years,4.0,2.0,29.0,bank,own,1.0,skilled,1.0,no,yes
unknown,6.0,good,furniture/appliances,1595.0,< 100 DM,4 - 7 years,3.0,2.0,51.0,none,own,1.0,skilled,2.0,no,no
< 0 DM,48.0,perfect,car,4605.0,< 100 DM,> 7 years,3.0,4.0,24.0,none,other,2.0,skilled,2.0,no,yes
unknown,12.0,critical,business,,< 100 DM,1 - 4 years,3.0,2.0,27.0,none,own,2.0,,1.0,no,no
unknown,12.0,very good,education,3447.0,500 - 1000 DM,1 - 4 years,4.0,3.0,35.0,none,own,1.0,unskilled,2.0,no,no
unknown,24.0,good,business,1258.0,< 100 DM,4 - 7 years,4.0,1.0,25.0,none,own,1.0,skilled,1.0,yes,no
unknown,12.0,critical,furniture/appliances,717.0,< 100 DM,> 7 years,4.0,4.0,52.0,none,own,3.0,skilled,1.0,no,no
unknown,6.0,perfect,car,1204.0,100 - 500 DM,1 - 4 years,4.0,1.0,35.0,bank,rent,1.0,skilled,1.0,no,no
> 200 DM,24.0,good,furniture/appliances,1925.0,< 100 DM,1 - 4 years,2.0,2.0,26.0,none,own,1.0,skilled,1.0,no,no
unknown,18.0,good,furniture/appliances,433.0,< 100 DM,unemployed,3.0,4.0,22.0,none,rent,1.0,,1.0,no,yes
< 0 DM,6.0,critical,car,666.0,> 1000 DM,4 - 7 years,3.0,4.0,39.0,none,own,2.0,unskilled,1.0,yes,no
> 200 DM,12.0,good,furniture/appliances,2251.0,< 100 DM,1 - 4 years,1.0,2.0,,none,,1.0,unskilled,1.0,no,no
1 - 200 DM,30.0,good,car,2150.0,< 100 DM,1 - 4 years,4.0,2.0,24.0,bank,own,1.0,skilled,1.0,no,yes
unknown,24.0,poor,furniture/appliances,4151.0,100 - 500 DM,1 - 4 years,2.0,3.0,35.0,none,own,2.0,skilled,1.0,no,no
1 - 200 DM,9.0,good,furniture/appliances,2030.0,unknown,4 - 7 years,2.0,1.0,24.0,none,own,1.0,skilled,1.0,yes,
1 - 200 DM,60.0,poor,furniture/appliances,7418.0,unknown,1 - 4 years,1.0,1.0,27.0,,own,1.0,unskilled,1.0,no,
unknown,24.0,critical,furniture/appliances,2684.0,< 100 DM,1 - 4 years,4.0,2.0,35.0,none,own,2.0,unskilled,1.0,no,no
< 0 DM,12.0,very good,furniture/appliances,2149.0,< 100 DM,1 - 4 years,4.0,1.0,,none,other,1.0,skilled,1.0,no,yes
unknown,15.0,good,car,3812.0,100 - 500 DM,< 1 year,1.0,4.0,23.0,none,own,1.0,skilled,1.0,yes,no
unknown,11.0,critical,furniture/appliances,1154.0,100 - 500 DM,unemployed,4.0,4.0,57.0,none,own,3.0,unskilled,1.0,no,no
< 0 DM,12.0,good,furniture/appliances,1657.0,< 100 DM,1 - 4 years,2.0,2.0,27.0,none,own,1.0,skilled,1.0,no,no
< 0 DM,24.0,good,furniture/appliances,1603.0,< 100 DM,> 7 years,4.0,,55.0,,own,1.0,skilled,1.0,no,no
< 0 DM,18.0,critical,car,5302.0,< 100 DM,> 7 years,2.0,4.0,36.0,none,other,3.0,management,1.0,yes,no
unknown,12.0,critical,education,2748.0,< 100 DM,> 7 years,2.0,4.0,57.0,bank,other,3.0,unskilled,1.0,no,no
unknown,,critical,car,1231.0,< 100 DM,> 7 years,3.0,4.0,32.0,none,own,2.0,unskilled,2.0,no,no
1 - 200 DM,15.0,good,furniture/appliances,802.0,< 100 DM,> 7 years,4.0,3.0,37.0,none,own,1.0,skilled,,no,yes
unknown,36.0,critical,business,6304.0,unknown,> 7 years,4.0,4.0,36.0,none,own,2.0,skilled,1.0,no,no
unknown,24.0,good,furniture/appliances,1533.0,< 100 DM,< 1 year,4.0,3.0,38.0,store,own,1.0,skilled,1.0,yes,no
< 0 DM,14.0,good,car,8978.0,< 100 DM,> 7 years,1.0,4.0,45.0,none,own,1.0,management,1.0,yes,yes
unknown,24.0,good,furniture/appliances,999.0,unknown,> 7 years,4.0,2.0,25.0,none,own,2.0,skilled,1.0,no,no
unknown,18.0,good,car,2662.0,unknown,4 - 7 years,4.0,3.0,32.0,none,own,1.0,skilled,1.0,no,no
unknown,12.0,critical,furniture/appliances,1402.0,500 - 1000 DM,4 - 7 years,3.0,,37.0,none,rent,1.0,skilled,1.0,yes,no
1 - 200 DM,48.0,very good,car,12169.0,unknown,unemployed,4.0,4.0,36.0,none,other,1.0,management,1.0,yes,no
1 - 200 DM,48.0,good,furniture/appliances,3060.0,< 100 DM,4 - 7 years,4.0,4.0,28.0,none,own,2.0,skilled,1.0,no,yes
< 0 DM,30.0,good,renovations,11998.0,< 100 DM,< 1 year,1.0,1.0,34.0,none,,1.0,unskilled,1.0,yes,yes
unknown,9.0,good,furniture/appliances,2697.0,< 100 DM,1 - 4 years,1.0,2.0,32.0,none,own,1.0,skilled,2.0,no,no
unknown,18.0,critical,furniture/appliances,2404.0,< 100 DM,1 - 4 years,2.0,2.0,26.0,none,own,2.0,skilled,1.0,no,no
< 0 DM,12.0,good,furniture/appliances,1262.0,unknown,> 7 years,2.0,4.0,49.0,none,own,1.0,unskilled,1.0,yes,no
unknown,6.0,good,furniture/appliances,4611.0,< 100 DM,< 1 year,1.0,4.0,,none,own,1.0,skilled,1.0,no,yes
unknown,24.0,good,furniture/appliances,1901.0,100 - 500 DM,1 - 4 years,4.0,4.0,29.0,none,rent,1.0,management,1.0,yes,no
,15.0,critical,car,3368.0,> 1000 DM,> 7 years,3.0,4.0,23.0,none,rent,2.0,,1.0,yes,no
unknown,12.0,good,furniture/appliances,1574.0,< 100 DM,1 - 4 years,4.0,2.0,50.0,none,own,1.0,skilled,1.0,no,no
> 200 DM,18.0,very good,furniture/appliances,1445.0,unknown,4 - 7 years,4.0,4.0,49.0,bank,,1.0,unskilled,1.0,no,no
unknown,15.0,critical,furniture/appliances,1520.0,unknown,> 7 years,4.0,4.0,63.0,none,own,1.0,skilled,1.0,no,no
1 - 200 DM,24.0,critical,car,3878.0,100 - 500 DM,< 1 year,4.0,2.0,37.0,none,own,1.0,skilled,1.0,yes,no
< 0 DM,47.0,good,car,10722.0,< 100 DM,,1.0,1.0,35.0,none,own,1.0,unskilled,1.0,yes,no
< 0 DM,48.0,good,car,4788.0,< 100 DM,4 - 7 years,4.0,3.0,26.0,none,own,1.0,skilled,2.0,no,no
1 - 200 DM,48.0,poor,car0,7582.0,100 - 500 DM,unemployed,2.0,4.0,31.0,none,other,1.0,management,1.0,yes,no
1 - 200 DM,12.0,good,furniture/appliances,1092.0,< 100 DM,1 - 4 years,4.0,4.0,49.0,none,own,2.0,skilled,1.0,yes,no
< 0 DM,24.0,poor,furniture/appliances,1024.0,< 100 DM,< 1 year,4.0,,48.0,store,own,1.0,skilled,1.0,no,yes
unknown,12.0,good,business,1076.0,< 100 DM,1 - 4 years,,2.0,26.0,none,own,1.0,skilled,1.0,yes,no
1 - 200 DM,36.0,good,car,9398.0,< 100 DM,< 1 year,1.0,4.0,28.0,none,rent,1.0,management,1.0,yes,yes
< 0 DM,24.0,critical,car,6419.0,< 100 DM,> 7 years,2.0,4.0,44.0,none,other,2.0,management,2.0,yes,no
> 200 DM,42.0,critical,car,4796.0,< 100 DM,> 7 years,4.0,4.0,,none,other,1.0,skilled,1.0,no,no
unknown,48.0,critical,business,7629.0,unknown,> 7 years,4.0,,46.0,bank,own,2.0,management,2.0,no,no
1 - 200 DM,48.0,good,furniture/appliances,9960.0,< 100 DM,< 1 year,1.0,2.0,26.0,none,own,1.0,skilled,1.0,yes,yes
unknown,12.0,good,car,4675.0,unknown,< 1 year,1.0,4.0,20.0,none,rent,1.0,skilled,1.0,no,no
unknown,10.0,good,car,1287.0,unknown,> 7 years,4.0,2.0,45.0,,own,1.0,unskilled,1.0,no,no
unknown,18.0,,furniture/appliances,2515.0,< 100 DM,1 - 4 years,3.0,4.0,43.0,none,own,1.0,skilled,1.0,yes,no
1 - 200 DM,21.0,critical,furniture/appliances,,> 1000 DM,4 - 7 years,3.0,2.0,32.0,none,own,2.0,skilled,1.0,yes,no
unknown,6.0,good,car,672.0,< 100 DM,unemployed,1.0,4.0,54.0,none,own,1.0,unemployed,1.0,yes,no
1 - 200 DM,36.0,perfect,furniture/appliances,3804.0,< 100 DM,1 - 4 years,4.0,1.0,42.0,none,own,1.0,skilled,1.0,yes,yes
> 200 DM,24.0,critical,car,1344.0,unknown,4 - 7 years,4.0,2.0,37.0,bank,own,2.0,unskilled,2.0,no,yes
< 0 DM,10.0,critical,car,1038.0,< 100 DM,4 - 7 years,4.0,3.0,49.0,none,own,2.0,skilled,1.0,yes,no
unknown,48.0,critical,car,10127.0,500 - 1000 DM,1 - 4 years,2.0,2.0,44.0,bank,other,1.0,skilled,1.0,no,yes
unknown,6.0,good,furniture/appliances,1543.0,> 1000 DM,1 - 4 years,4.0,2.0,33.0,none,own,1.0,skilled,1.0,no,no
unknown,30.0,,car,,unknown,4 - 7 years,2.0,4.0,24.0,store,rent,1.0,unskilled,1.0,no,no
< 0 DM,12.0,good,furniture/appliances,727.0,100 - 500 DM,< 1 year,4.0,3.0,33.0,none,own,1.0,unskilled,1.0,yes,yes
1 - 200 DM,8.0,good,furniture/appliances,1237.0,< 100 DM,1 - 4 years,3.0,4.0,24.0,none,own,1.0,skilled,1.0,no,yes
1 - 200 DM,9.0,good,car,276.0,< 100 DM,1 - 4 years,4.0,4.0,22.0,none,rent,1.0,unskilled,1.0,no,no
1 - 200 DM,48.0,good,car0,5381.0,unknown,unemployed,3.0,4.0,40.0,bank,other,1.0,unemployed,1.0,yes,no
unknown,24.0,good,furniture/appliances,5511.0,100 - 500 DM,1 - 4 years,4.0,1.0,25.0,store,own,1.0,skilled,1.0,no,no
> 200 DM,24.0,good,furniture/appliances,3749.0,< 100 DM,< 1 year,2.0,4.0,26.0,none,own,1.0,skilled,1.0,no,no
1 - 200 DM,12.0,good,car,685.0,< 100 DM,4 - 7 years,2.0,3.0,25.0,bank,,1.0,unskilled,1.0,no,yes
> 200 DM,,good,car,1494.0,unknown,< 1 year,1.0,2.0,29.0,none,own,1.0,unskilled,2.0,no,no
< 0 DM,36.0,very good,furniture/appliances,2746.0,< 100 DM,> 7 years,4.0,4.0,31.0,bank,own,1.0,skilled,1.0,no,yes
< 0 DM,12.0,good,furniture/appliances,708.0,< 100 DM,1 - 4 years,,3.0,38.0,none,own,1.0,unskilled,2.0,no,no
1 - 200 DM,24.0,good,furniture/appliances,4351.0,unknown,1 - 4 years,1.0,4.0,48.0,none,own,1.0,unskilled,1.0,yes,no
unknown,12.0,critical,education,701.0,< 100 DM,1 - 4 years,4.0,2.0,32.0,none,own,2.0,skilled,1.0,no,no
,15.0,poor,furniture/appliances,3643.0,< 100 DM,> 7 years,1.0,4.0,27.0,none,own,2.0,unskilled,1.0,no,no
1 - 200 DM,30.0,critical,car,4249.0,< 100 DM,unemployed,4.0,2.0,28.0,none,own,2.0,management,1.0,no,yes
< 0 DM,24.0,good,,1938.0,< 100 DM,< 1 year,4.0,3.0,32.0,none,own,1.0,skilled,1.0,no,yes
< 0 DM,24.0,good,car,2910.0,< 100 DM,4 - 7 years,2.0,1.0,34.0,none,other,1.0,management,1.0,yes,no
< 0 DM,18.0,good,furniture/appliances,2659.0,> 1000 DM,1 - 4 years,4.0,2.0,28.0,none,own,1.0,skilled,1.0,no,no
unknown,18.0,critical,car,1028.0,,1 - 4 years,4.0,3.0,36.0,none,own,2.0,skilled,1.0,no,no
< 0 DM,8.0,critical,car,3398.0,< 100 DM,4 - 7 years,1.0,4.0,39.0,none,own,2.0,unskilled,1.0,no,no
unknown,12.0,critical,furniture/appliances,5801.0,unknown,> 7 years,2.0,4.0,49.0,none,rent,1.0,skilled,1.0,yes,no
unknown,24.0,good,car,1525.0,> 1000 DM,4 - 7 years,4.0,3.0,34.0,none,own,1.0,skilled,2.0,yes,no
> 200 DM,36.0,good,furniture/appliances,4473.0,< 100 DM,> 7 years,4.0,2.0,31.0,none,own,1.0,skilled,1.0,no,no
1 - 200 DM,6.0,good,furniture/appliances,1068.0,< 100 DM,> 7 years,4.0,4.0,28.0,none,own,1.0,skilled,2.0,no,no
< 0 DM,24.0,critical,car,6615.0,< 100 DM,unemployed,2.0,4.0,75.0,none,other,2.0,management,1.0,yes,no
unknown,18.0,critical,education,1864.0,100 - 500 DM,1 - 4 years,,2.0,30.0,none,own,2.0,skilled,1.0,no,yes
1 - 200 DM,60.0,good,car,7408.0,100 - 500 DM,< 1 year,4.0,2.0,24.0,none,own,1.0,management,1.0,no,yes
unknown,48.0,critical,car,11590.0,100 - 500 DM,1 - 4 years,2.0,4.0,24.0,bank,rent,2.0,unskilled,1.0,no,yes
< 0 DM,24.0,perfect,furniture/appliances,4110.0,< 100 DM,> 7 years,3.0,4.0,23.0,bank,rent,2.0,skilled,2.0,no,yes
< 0 DM,6.0,critical,,3384.0,< 100 DM,1 - 4 years,1.0,4.0,44.0,none,rent,1.0,management,1.0,yes,yes
1 - 200 DM,13.0,good,furniture/appliances,2101.0,< 100 DM,< 1 year,2.0,4.0,23.0,none,own,1.0,unskilled,1.0,no,no
< 0 DM,15.0,good,furniture/appliances,1275.0,unknown,1 - 4 years,4.0,2.0,24.0,none,rent,1.0,skilled,1.0,no,yes
< 0 DM,24.0,good,furniture/appliances,4169.0,< 100 DM,1 - 4 years,4.0,4.0,28.0,none,own,1.0,skilled,1.0,no,no
1 - 200 DM,10.0,good,furniture/appliances,1521.0,< 100 DM,1 - 4 years,,2.0,31.0,none,own,1.0,unskilled,1.0,no,no
1 - 200 DM,24.0,critical,education,5743.0,< 100 DM,< 1 year,2.0,4.0,24.0,none,other,2.0,skilled,1.0,yes,no
< 0 DM,21.0,good,furniture/appliances,3599.0,< 100 DM,4 - 7 years,1.0,4.0,26.0,none,rent,1.0,unskilled,1.0,no,no
1 - 200 DM,18.0,good,furniture/appliances,3213.0,500 - 1000 DM,< 1 year,1.0,3.0,25.0,none,rent,1.0,skilled,1.0,no,no
1 - 200 DM,18.0,good,business,4439.0,< 100 DM,> 7 years,1.0,1.0,33.0,bank,own,1.0,management,1.0,yes,no
> 200 DM,10.0,good,car,3949.0,< 100 DM,< 1 year,1.0,1.0,37.0,none,own,1.0,unskilled,2.0,no,no
unknown,15.0,critical,furniture/appliances,1459.0,< 100 DM,1 - 4 years,4.0,2.0,43.0,none,own,1.0,unskilled,1.0,no,no
1 - 200 DM,13.0,critical,furniture/appliances,882.0,< 100 DM,< 1 year,4.0,4.0,23.0,,own,2.0,skilled,1.0,no,no
1 - 200 DM,24.0,good,furniture/appliances,3758.0,500 - 1000 DM,unemployed,,4.0,23.0,none,rent,1.0,unemployed,1.0,no,no
unknown,6.0,poor,business,1743.0,100 - 500 DM,1 - 4 years,1.0,2.0,34.0,none,own,2.0,unskilled,1.0,no,no
1 - 200 DM,9.0,critical,education,1136.0,> 1000 DM,> 7 years,4.0,3.0,32.0,none,other,2.0,skilled,2.0,no,yes
unknown,9.0,good,furniture/appliances,1236.0,< 100 DM,< 1 year,1.0,4.0,23.0,none,rent,1.0,skilled,1.0,yes,no
1 - 200 DM,9.0,good,furniture/appliances,959.0,< 100 DM,1 - 4 years,1.0,2.0,29.0,none,own,1.0,skilled,1.0,no,yes
unknown,18.0,critical,car,3229.0,unknown,unemployed,2.0,4.0,38.0,none,own,1.0,management,1.0,yes,no
< 0 DM,12.0,perfect,furniture/appliances,6199.0,< 100 DM,1 - 4 years,4.0,2.0,28.0,none,rent,2.0,skilled,1.0,yes,yes
unknown,10.0,good,education,727.0,500 - 1000 DM,> 7 years,4.0,,46.0,none,other,1.0,skilled,1.0,yes,no
1 - 200 DM,24.0,,car,1246.0,< 100 DM,,4.0,2.0,23.0,store,own,1.0,unskilled,1.0,no,yes
unknown,12.0,critical,furniture/appliances,2331.0,unknown,> 7 years,1.0,4.0,49.0,none,own,1.0,skilled,1.0,yes,no
unknown,36.0,poor,furniture/appliances,4463.0,< 100 DM,1 - 4 years,4.0,2.0,26.0,none,own,2.0,management,1.0,yes,yes
unknown,12.0,good,furniture/appliances,776.0,< 100 DM,1 - 4 years,4.0,2.0,28.0,none,own,1.0,skilled,,no,no
< 0 DM,30.0,good,furniture/appliances,2406.0,< 100 DM,4 - 7 years,4.0,4.0,23.0,none,rent,1.0,skilled,1.0,no,yes
1 - 200 DM,18.0,good,education,1239.0,unknown,1 - 4 years,4.0,4.0,61.0,none,other,1.0,,1.0,no,no
> 200 DM,,good,furniture/appliances,3399.0,unknown,> 7 years,2.0,3.0,37.0,none,own,1.0,management,1.0,no,no
> 200 DM,12.0,poor,car,2247.0,< 100 DM,1 - 4 years,2.0,2.0,36.0,store,own,2.0,skilled,1.0,yes,no
unknown,6.0,good,furniture/appliances,1766.0,< 100 DM,1 - 4 years,1.0,2.0,21.0,none,rent,1.0,skilled,1.0,no,no
< 0 DM,18.0,good,furniture/appliances,2473.0,< 100 DM,unemployed,4.0,1.0,25.0,none,own,1.0,unemployed,1.0,no,yes
unknown,12.0,good,business,1542.0,< 100 DM,4 - 7 years,2.0,,36.0,none,own,,skilled,1.0,yes,no
unknown,18.0,critical,car,3850.0,< 100 DM,4 - 7 years,3.0,1.0,27.0,none,own,2.0,skilled,1.0,no,no
< 0 DM,18.0,good,furniture/appliances,3650.0,< 100 DM,< 1 year,1.0,4.0,22.0,none,rent,1.0,skilled,1.0,no,no
< 0 DM,36.0,,furniture/appliances,3446.0,< 100 DM,> 7 years,4.0,2.0,42.0,none,own,,skilled,2.0,no,yes
1 - 200 DM,18.0,good,furniture/appliances,3001.0,< 100 DM,4 - 7 years,2.0,4.0,,none,rent,1.0,skilled,1.0,no,no
unknown,36.0,good,car,3079.0,unknown,1 - 4 years,4.0,4.0,36.0,none,own,1.0,skilled,1.0,no,no
,18.0,critical,furniture/appliances,6070.0,< 100 DM,> 7 years,3.0,4.0,33.0,none,own,2.0,skilled,1.0,yes,no
unknown,10.0,critical,furniture/appliances,2146.0,< 100 DM,< 1 year,1.0,3.0,23.0,none,rent,2.0,skilled,1.0,no,no
unknown,60.0,critical,car,13756.0,unknown,> 7 years,2.0,4.0,63.0,bank,other,1.0,management,1.0,yes,no
1 - 200 DM,60.0,very good,car0,14782.0,100 - 500 DM,> 7 years,3.0,4.0,60.0,bank,other,2.0,management,1.0,yes,yes
< 0 DM,48.0,very good,business,7685.0,< 100 DM,4 - 7 years,2.0,4.0,37.0,none,rent,1.0,skilled,1.0,no,yes
unknown,18.0,poor,furniture/appliances,2320.0,< 100 DM,unemployed,2.0,3.0,34.0,none,own,2.0,skilled,1.0,no,no
unknown,7.0,poor,furniture/appliances,846.0,unknown,> 7 years,3.0,4.0,36.0,none,other,1.0,skilled,1.0,no,no
1 - 200 DM,36.0,good,car,14318.0,< 100 DM,> 7 years,4.0,2.0,57.0,none,other,1.0,management,1.0,yes,yes
unknown,6.0,critical,car,362.0,100 - 500 DM,1 - 4 years,4.0,4.0,52.0,none,own,2.0,unskilled,1.0,no,no
< 0 DM,20.0,good,furniture/appliances,2212.0,unknown,4 - 7 years,4.0,4.0,39.0,none,own,1.0,skilled,,yes,no
1 - 200 DM,18.0,good,car,12976.0,< 100 DM,unemployed,3.0,4.0,38.0,none,other,1.0,management,1.0,yes,yes
unknown,22.0,good,car,1283.0,unknown,4 - 7 years,4.0,4.0,25.0,none,rent,1.0,skilled,1.0,no,no
> 200 DM,12.0,good,car,1330.0,< 100 DM,< 1 year,4.0,1.0,26.0,none,own,1.0,skilled,1.0,no,no
unknown,30.0,poor,business,4272.0,100 - 500 DM,1 - 4 years,2.0,2.0,26.0,none,own,2.0,unskilled,1.0,no,no
unknown,18.0,critical,furniture/appliances,2238.0,< 100 DM,1 - 4 years,2.0,1.0,25.0,none,own,2.0,skilled,1.0,no,no
unknown,18.0,good,furniture/appliances,1126.0,unknown,< 1 year,4.0,2.0,21.0,none,rent,1.0,skilled,1.0,yes,no
1 - 200 DM,18.0,critical,furniture/appliances,7374.0,< 100 DM,unemployed,4.0,4.0,40.0,store,own,2.0,management,1.0,yes,no
1 - 200 DM,15.0,critical,business,2326.0,500 - 1000 DM,1 - 4 years,2.0,4.0,27.0,bank,own,1.0,skilled,1.0,no,no
unknown,9.0,good,,1449.0,< 100 DM,4 - 7 years,3.0,2.0,27.0,none,own,2.0,skilled,1.0,no,no
unknown,18.0,good,car,1820.0,< 100 DM,1 - 4 years,2.0,2.0,30.0,none,own,1.0,management,1.0,yes,no
1 - 200 DM,12.0,good,furniture/appliances,983.0,,< 1 year,1.0,4.0,19.0,none,,1.0,unskilled,,,no
< 0 DM,36.0,good,car,3249.0,< 100 DM,4 - 7 years,2.0,4.0,39.0,bank,,1.0,management,2.0,yes,no
< 0 DM,,critical,furniture/appliances,1957.0,< 100 DM,4 - 7 years,1.0,4.0,31.0,none,own,1.0,skilled,1.0,no,no
unknown,9.0,critical,furniture/appliances,2406.0,< 100 DM,unemployed,2.0,3.0,31.0,none,own,1.0,management,1.0,no,no
1 - 200 DM,39.0,poor,,11760.0,100 - 500 DM,4 - 7 years,2.0,3.0,32.0,none,rent,1.0,skilled,1.0,yes,no
< 0 DM,12.0,good,furniture/appliances,2578.0,< 100 DM,unemployed,3.0,4.0,55.0,none,other,1.0,management,1.0,,no
< 0 DM,36.0,critical,furniture/appliances,2348.0,< 100 DM,,3.0,2.0,46.0,none,own,2.0,skilled,1.0,yes,
1 - 200 DM,12.0,good,car,1223.0,< 100 DM,> 7 years,1.0,1.0,46.0,none,rent,2.0,skilled,1.0,no,yes
unknown,24.0,critical,furniture/appliances,1516.0,> 1000 DM,1 - 4 years,4.0,1.0,43.0,none,own,2.0,unskilled,1.0,no,no
unknown,18.0,good,furniture/appliances,1473.0,< 100 DM,< 1 year,3.0,4.0,39.0,none,own,1.0,skilled,1.0,yes,no
1 - 200 DM,18.0,critical,business,1887.0,unknown,1 - 4 years,4.0,4.0,28.0,bank,own,2.0,skilled,1.0,no,no
unknown,24.0,poor,business,8648.0,< 100 DM,< 1 year,2.0,2.0,27.0,bank,own,2.0,skilled,1.0,yes,yes
unknown,14.0,poor,car,802.0,< 100 DM,1 - 4 years,4.0,2.0,27.0,none,own,2.0,,1.0,no,no
1 - 200 DM,18.0,poor,car,2899.0,unknown,> 7 years,4.0,4.0,43.0,none,own,1.0,skilled,2.0,no,no
1 - 200 DM,24.0,good,furniture/appliances,2039.0,< 100 DM,< 1 year,1.0,1.0,,none,own,1.0,skilled,1.0,yes,yes
unknown,24.0,critical,car,2197.0,unknown,4 - 7 years,4.0,4.0,43.0,none,own,2.0,skilled,2.0,yes,no
< 0 DM,15.0,good,furniture/appliances,1053.0,< 100 DM,< 1 year,4.0,2.0,27.0,none,own,1.0,skilled,1.0,no,no
unknown,24.0,good,furniture/appliances,3235.0,500 - 1000 DM,,3.0,2.0,26.0,none,own,1.0,management,1.0,yes,no
> 200 DM,12.0,,car,939.0,500 - 1000 DM,4 - 7 years,4.0,2.0,28.0,none,own,3.0,skilled,1.0,yes,yes
1 - 200 DM,24.0,good,furniture/appliances,1967.0,< 100 DM,> 7 years,4.0,4.0,20.0,none,own,1.0,skilled,1.0,yes,no
,33.0,critical,car,7253.0,< 100 DM,4 - 7 years,3.0,2.0,35.0,none,own,2.0,management,1.0,yes,no
unknown,12.0,critical,business,2292.0,< 100 DM,unemployed,4.0,2.0,42.0,store,own,2.0,management,1.0,yes,yes
unknown,10.0,good,car,1597.0,,1 - 4 years,3.0,2.0,40.0,none,rent,1.0,unskilled,2.0,no,no
< 0 DM,24.0,good,car,,unknown,1 - 4 years,4.0,2.0,35.0,none,own,1.0,skilled,1.0,no,yes
unknown,36.0,critical,car,5842.0,< 100 DM,> 7 years,2.0,2.0,35.0,none,own,2.0,skilled,2.0,yes,no
< 0 DM,12.0,good,car,2579.0,< 100 DM,< 1 year,4.0,1.0,33.0,none,own,1.0,unskilled,2.0,no,yes
< 0 DM,18.0,poor,education,8471.0,unknown,1 - 4 years,1.0,2.0,23.0,none,rent,2.0,skilled,1.0,yes,no
unknown,21.0,good,car,2782.0,500 - 1000 DM,4 - 7 years,1.0,2.0,31.0,,own,1.0,management,1.0,no,no
1 - 200 DM,18.0,good,car,1042.0,unknown,1 - 4 years,4.0,2.0,33.0,none,own,1.0,skilled,1.0,no,yes
unknown,15.0,good,car,3186.0,> 1000 DM,4 - 7 years,2.0,3.0,20.0,none,rent,1.0,skilled,1.0,no,no
1 - 200 DM,12.0,good,car,2028.0,unknown,1 - 4 years,4.0,2.0,30.0,none,own,1.0,skilled,1.0,no,no
1 - 200 DM,12.0,critical,car,958.0,< 100 DM,4 - 7 years,2.0,3.0,47.0,none,own,2.0,unskilled,2.0,no,no
unknown,21.0,poor,furniture/appliances,1591.0,100 - 500 DM,4 - 7 years,4.0,3.0,34.0,none,own,2.0,management,1.0,no,no
1 - 200 DM,12.0,good,furniture/appliances,2762.0,unknown,> 7 years,1.0,2.0,25.0,bank,own,1.0,skilled,1.0,yes,yes
1 - 200 DM,18.0,good,car,2779.0,< 100 DM,1 - 4 years,1.0,3.0,21.0,none,rent,1.0,skilled,1.0,yes,no
unknown,28.0,critical,furniture/appliances,2743.0,< 100 DM,> 7 years,4.0,2.0,29.0,none,own,2.0,skilled,1.0,no,no
unknown,18.0,critical,furniture/appliances,1149.0,> 1000 DM,1 - 4 years,4.0,3.0,46.0,none,own,2.0,skilled,1.0,no,no
unknown,9.0,good,furniture/appliances,,< 100 DM,> 7 years,1.0,4.0,20.0,none,own,1.0,skilled,1.0,no,no
< 0 DM,18.0,critical,renovations,1190.0,< 100 DM,unemployed,2.0,4.0,55.0,none,other,3.0,unemployed,2.0,no,yes
unknown,5.0,good,business,3448.0,< 100 DM,4 - 7 years,1.0,4.0,74.0,none,own,1.0,unskilled,1.0,no,no
1 - 200 DM,24.0,good,car0,11328.0,< 100 DM,1 - 4 years,2.0,3.0,29.0,bank,own,2.0,management,1.0,yes,yes
< 0 DM,6.0,critical,furniture/appliances,1872.0,< 100 DM,unemployed,4.0,4.0,36.0,none,other,3.0,management,1.0,yes,no
unknown,24.0,critical,renovations,2058.0,< 100 DM,,4.0,2.0,33.0,none,own,2.0,skilled,1.0,yes,no
< 0 DM,9.0,good,furniture/appliances,2136.0,< 100 DM,1 - 4 years,3.0,,25.0,none,own,1.0,skilled,1.0,no,no
1 - 200 DM,12.0,good,furniture/appliances,1484.0,unknown,1 - 4 years,2.0,1.0,25.0,none,own,1.0,skilled,1.0,yes,yes
unknown,6.0,good,renovations,660.0,500 - 1000 DM,4 - 7 years,2.0,4.0,23.0,none,rent,1.0,unskilled,1.0,no,no
unknown,24.0,critical,car,1287.0,> 1000 DM,> 7 years,4.0,4.0,37.0,none,own,2.0,skilled,,yes,no
< 0 DM,42.0,critical,renovations,3394.0,< 100 DM,unemployed,4.0,4.0,65.0,none,own,2.0,unemployed,1.0,no,no
> 200 DM,12.0,very good,business,609.0,< 100 DM,< 1 year,4.0,1.0,26.0,none,own,1.0,unemployed,1.0,no,yes
unknown,12.0,good,car,1884.0,,> 7 years,4.0,4.0,39.0,none,own,1.0,management,1.0,yes,no
< 0 DM,12.0,good,furniture/appliances,1620.0,,1 - 4 years,2.0,3.0,30.0,none,own,1.0,skilled,1.0,no,no
1 - 200 DM,20.0,poor,car0,2629.0,< 100 DM,1 - 4 years,2.0,3.0,29.0,bank,own,2.0,skilled,1.0,yes,no
unknown,12.0,good,education,719.0,< 100 DM,> 7 years,4.0,4.0,41.0,bank,own,1.0,unskilled,2.0,no,yes
1 - 200 DM,48.0,critical,furniture/appliances,5096.0,< 100 DM,1 - 4 years,2.0,3.0,30.0,none,own,1.0,management,1.0,yes,yes
unknown,9.0,critical,education,1244.0,unknown,> 7 years,4.0,4.0,41.0,none,rent,2.0,unskilled,1.0,no,no
< 0 DM,36.0,good,car,,< 100 DM,< 1 year,4.0,4.0,34.0,none,own,1.0,skilled,1.0,yes,yes
1 - 200 DM,7.0,good,furniture/appliances,2576.0,< 100 DM,1 - 4 years,2.0,2.0,35.0,none,own,1.0,skilled,1.0,no,no
> 200 DM,12.0,good,furniture/appliances,1424.0,unknown,> 7 years,3.0,4.0,55.0,none,own,1.0,management,1.0,yes,no
1 - 200 DM,15.0,poor,renovations,1512.0,> 1000 DM,1 - 4 years,3.0,3.0,61.0,store,own,2.0,skilled,1.0,no,yes
unknown,36.0,critical,car,11054.0,unknown,1 - 4 years,4.0,2.0,30.0,none,own,1.0,management,1.0,yes,no
unknown,6.0,good,furniture/appliances,518.0,< 100 DM,1 - 4 years,3.0,1.0,29.0,none,own,1.0,skilled,,no,no
unknown,12.0,perfect,furniture/appliances,2759.0,< 100 DM,> 7 years,2.0,4.0,34.0,none,own,2.0,skilled,1.0,no,no
unknown,24.0,good,car,2670.0,< 100 DM,> 7 years,4.0,4.0,35.0,none,own,1.0,management,1.0,yes,no
< 0 DM,24.0,good,car,4817.0,< 100 DM,4 - 7 years,2.0,3.0,31.0,none,own,1.0,skilled,1.0,yes,yes
unknown,24.0,good,car,2679.0,< 100 DM,< 1 year,4.0,1.0,29.0,none,own,1.0,management,1.0,yes,no
< 0 DM,11.0,critical,car,3905.0,< 100 DM,1 - 4 years,2.0,2.0,36.0,none,rent,2.0,skilled,2.0,no,no
< 0 DM,12.0,good,car,3386.0,< 100 DM,> 7 years,3.0,4.0,35.0,none,other,1.0,skilled,1.0,yes,yes
< 0 DM,6.0,good,furniture/appliances,343.0,,< 1 year,4.0,1.0,27.0,none,own,1.0,skilled,1.0,no,no
unknown,18.0,good,furniture/appliances,4594.0,< 100 DM,< 1 year,3.0,2.0,32.0,none,own,1.0,skilled,1.0,yes,no
< 0 DM,36.0,good,furniture/appliances,3620.0,,1 - 4 years,1.0,2.0,37.0,none,own,1.0,skilled,2.0,no,no
< 0 DM,15.0,good,car,1721.0,< 100 DM,< 1 year,2.0,3.0,36.0,none,own,1.0,skilled,1.0,no,no
1 - 200 DM,12.0,good,furniture/appliances,3017.0,< 100 DM,< 1 year,3.0,1.0,34.0,none,rent,1.0,management,1.0,no,no
1 - 200 DM,12.0,good,education,754.0,unknown,> 7 years,4.0,4.0,38.0,none,own,2.0,skilled,1.0,no,no
unknown,18.0,good,business,1950.0,< 100 DM,4 - 7 years,4.0,1.0,34.0,store,own,2.0,skilled,1.0,yes,no
< 0 DM,24.0,good,car,2924.0,< 100 DM,1 - 4 years,3.0,4.0,63.0,bank,own,1.0,skilled,2.0,yes,no
< 0 DM,24.0,poor,furniture/appliances,1659.0,< 100 DM,< 1 year,4.0,2.0,29.0,none,rent,1.0,unskilled,1.0,yes,yes
unknown,48.0,poor,furniture/appliances,7238.0,unknown,> 7 years,3.0,3.0,32.0,bank,own,2.0,,2.0,no,no
unknown,33.0,,business,2764.0,< 100 DM,1 - 4 years,2.0,2.0,26.0,none,own,2.0,skilled,1.0,yes,no
unknown,24.0,poor,car,4679.0,< 100 DM,,3.0,3.0,35.0,none,own,2.0,unskilled,1.0,yes,no
1 - 200 DM,24.0,good,furniture/appliances,3092.0,100 - 500 DM,< 1 year,3.0,2.0,22.0,none,rent,1.0,skilled,1.0,yes,yes
< 0 DM,6.0,good,,448.0,< 100 DM,< 1 year,4.0,4.0,23.0,none,own,1.0,skilled,1.0,no,yes
< 0 DM,9.0,good,car,654.0,< 100 DM,1 - 4 years,4.0,3.0,28.0,none,own,1.0,unskilled,1.0,no,yes
unknown,6.0,good,education,1238.0,unknown,unemployed,4.0,4.0,36.0,,own,1.0,management,2.0,yes,no
1 - 200 DM,18.0,critical,furniture/appliances,1245.0,< 100 DM,1 - 4 years,4.0,2.0,33.0,none,own,1.0,skilled,,no,yes
< 0 DM,18.0,perfect,furniture/appliances,3114.0,< 100 DM,< 1 year,,4.0,26.0,none,rent,1.0,skilled,1.0,,yes
unknown,39.0,good,car,2569.0,500 - 1000 DM,1 - 4 years,4.0,4.0,24.0,none,own,1.0,skilled,1.0,no,no
> 200 DM,24.0,good,furniture/appliances,5152.0,< 100 DM,4 - 7 years,4.0,2.0,25.0,bank,own,1.0,skilled,1.0,no,no
1 - 200 DM,12.0,good,business,1037.0,100 - 500 DM,4 - 7 years,3.0,4.0,39.0,none,own,1.0,unskilled,1.0,no,no
< 0 DM,15.0,critical,furniture/appliances,1478.0,< 100 DM,> 7 years,4.0,4.0,44.0,none,own,2.0,skilled,2.0,yes,no
1 - 200 DM,12.0,critical,furniture/appliances,3573.0,< 100 DM,1 - 4 years,1.0,1.0,23.0,none,own,1.0,unskilled,,no,no
1 - 200 DM,24.0,good,car,1201.0,< 100 DM,< 1 year,4.0,1.0,26.0,none,own,1.0,skilled,1.0,no,no
< 0 DM,30.0,good,furniture/appliances,3622.0,> 1000 DM,> 7 years,4.0,4.0,57.0,none,rent,2.0,skilled,1.0,yes,no
unknown,15.0,poor,furniture/appliances,960.0,> 1000 DM,4 - 7 years,3.0,2.0,30.0,none,own,2.0,skilled,1.0,no,no
unknown,12.0,critical,car,1163.0,500 - 1000 DM,1 - 4 years,4.0,4.0,44.0,none,own,1.0,skilled,1.0,yes,no
1 - 200 DM,,poor,car,1209.0,< 100 DM,unemployed,4.0,4.0,47.0,none,own,1.0,management,,yes,yes
unknown,12.0,good,furniture/appliances,3077.0,< 100 DM,1 - 4 years,2.0,4.0,52.0,none,own,1.0,skilled,1.0,yes,no
unknown,24.0,good,car,3757.0,< 100 DM,> 7 years,4.0,4.0,62.0,none,other,1.0,skilled,1.0,yes,no
unknown,10.0,good,car,1418.0,100 - 500 DM,1 - 4 years,3.0,2.0,35.0,none,rent,1.0,unskilled,1.0,no,no
unknown,6.0,good,car,3518.0,< 100 DM,1 - 4 years,2.0,3.0,26.0,none,rent,1.0,skilled,1.0,no,no
unknown,12.0,critical,furniture/appliances,1934.0,< 100 DM,> 7 years,2.0,2.0,26.0,none,own,2.0,skilled,1.0,no,no
1 - 200 DM,27.0,perfect,business,8318.0,< 100 DM,> 7 years,2.0,4.0,42.0,none,other,2.0,management,1.0,yes,yes
unknown,6.0,critical,furniture/appliances,1237.0,100 - 500 DM,,1.0,1.0,27.0,none,own,2.0,skilled,1.0,no,no
1 - 200 DM,6.0,good,furniture/appliances,368.0,unknown,> 7 years,4.0,4.0,38.0,none,own,1.0,skilled,1.0,no,no
< 0 DM,12.0,critical,car,2122.0,< 100 DM,1 - 4 years,3.0,2.0,39.0,none,rent,2.0,unskilled,2.0,no,no
< 0 DM,24.0,good,furniture/appliances,2996.0,unknown,1 - 4 years,2.0,4.0,20.0,none,,1.0,skilled,1.0,no,yes
1 - 200 DM,36.0,good,furniture/appliances,9034.0,100 - 500 DM,< 1 year,4.0,1.0,29.0,none,rent,1.0,management,1.0,yes,yes
unknown,24.0,critical,furniture/appliances,1585.0,< 100 DM,4 - 7 years,4.0,3.0,40.0,none,own,2.0,skilled,1.0,no,no
1 - 200 DM,18.0,good,furniture/appliances,1301.0,< 100 DM,> 7 years,4.0,2.0,32.0,none,own,1.0,unskilled,1.0,no,no
> 200 DM,6.0,critical,car,1323.0,100 - 500 DM,> 7 years,2.0,4.0,28.0,none,own,2.0,skilled,2.0,yes,no
< 0 DM,24.0,good,car,3123.0,< 100 DM,< 1 year,4.0,1.0,27.0,none,own,1.0,skilled,1.0,no,yes
< 0 DM,36.0,good,car,5493.0,< 100 DM,> 7 years,2.0,4.0,42.0,none,other,1.0,skilled,2.0,no,no
> 200 DM,9.0,good,furniture/appliances,1126.0,100 - 500 DM,> 7 years,2.0,4.0,49.0,none,own,1.0,skilled,1.0,no,no
1 - 200 DM,24.0,critical,furniture/appliances,1216.0,100 - 500 DM,< 1 year,4.0,4.0,38.0,bank,own,2.0,skilled,2.0,no,yes
< 0 DM,24.0,good,car,1207.0,< 100 DM,< 1 year,4.0,4.0,24.0,none,rent,1.0,skilled,1.0,no,yes
unknown,10.0,,car,1309.0,unknown,1 - 4 years,4.0,4.0,27.0,none,own,,unskilled,1.0,no,yes
> 200 DM,15.0,critical,car,2360.0,500 - 1000 DM,1 - 4 years,2.0,2.0,36.0,,own,1.0,skilled,1.0,yes,no
1 - 200 DM,15.0,very good,car,6850.0,100 - 500 DM,unemployed,1.0,2.0,34.0,none,own,1.0,management,2.0,yes,yes
unknown,24.0,good,furniture/appliances,1413.0,< 100 DM,1 - 4 years,4.0,2.0,28.0,none,own,1.0,skilled,1.0,no,no
unknown,39.0,good,car,8588.0,100 - 500 DM,> 7 years,4.0,2.0,45.0,none,own,1.0,management,1.0,yes,
< 0 DM,12.0,good,car,759.0,< 100 DM,4 - 7 years,4.0,2.0,26.0,none,own,1.0,skilled,1.0,no,yes
unknown,36.0,good,car,4686.0,< 100 DM,1 - 4 years,2.0,2.0,32.0,none,other,1.0,management,1.0,yes,no
> 200 DM,15.0,good,business,2687.0,< 100 DM,4 - 7 years,2.0,4.0,26.0,none,rent,1.0,skilled,1.0,yes,no
,12.0,poor,furniture/appliances,585.0,< 100 DM,1 - 4 years,4.0,4.0,20.0,none,rent,2.0,skilled,1.0,,no
unknown,,good,car,2255.0,unknown,< 1 year,4.0,1.0,54.0,,own,1.0,skilled,1.0,no,no
< 0 DM,6.0,critical,car,609.0,< 100 DM,4 - 7 years,4.0,3.0,,none,own,2.0,skilled,1.0,no,no
< 0 DM,6.0,critical,car,1361.0,< 100 DM,< 1 year,2.0,4.0,40.0,none,own,1.0,unskilled,2.0,no,no
unknown,36.0,critical,furniture/appliances,7127.0,< 100 DM,< 1 year,2.0,4.0,23.0,none,rent,2.0,skilled,1.0,yes,yes
< 0 DM,6.0,good,car,1203.0,100 - 500 DM,> 7 years,3.0,2.0,,none,own,1.0,skilled,1.0,yes,no
unknown,6.0,critical,furniture/appliances,700.0,,> 7 years,4.0,4.0,36.0,none,other,2.0,skilled,1.0,no,no
unknown,24.0,critical,renovations,5507.0,< 100 DM,> 7 years,3.0,4.0,44.0,none,other,2.0,skilled,,no,no
,18.0,good,furniture/appliances,3190.0,< 100 DM,1 - 4 years,2.0,2.0,24.0,none,own,1.0,skilled,1.0,no,yes
< 0 DM,48.0,perfect,furniture/appliances,7119.0,< 100 DM,1 - 4 years,3.0,4.0,,none,,2.0,skilled,2.0,no,yes
unknown,24.0,good,car,3488.0,100 - 500 DM,4 - 7 years,3.0,4.0,23.0,none,own,1.0,skilled,1.0,no,no
1 - 200 DM,18.0,good,furniture/appliances,1113.0,< 100 DM,1 - 4 years,4.0,4.0,26.0,none,own,1.0,unskilled,2.0,no,no
1 - 200 DM,26.0,good,car,7966.0,< 100 DM,< 1 year,2.0,3.0,30.0,none,own,2.0,skilled,1.0,no,no
unknown,15.0,critical,education,1532.0,100 - 500 DM,,4.0,3.0,31.0,none,own,1.0,skilled,1.0,,no
,4.0,critical,,1503.0,< 100 DM,4 - 7 years,2.0,1.0,42.0,none,own,2.0,unskilled,2.0,no,no
< 0 DM,36.0,good,furniture/appliances,2302.0,< 100 DM,1 - 4 years,4.0,4.0,31.0,none,rent,1.0,skilled,1.0,no,yes
< 0 DM,6.0,good,car,662.0,< 100 DM,< 1 year,3.0,4.0,41.0,none,own,1.0,unskilled,2.0,yes,no
1 - 200 DM,36.0,good,education,2273.0,< 100 DM,4 - 7 years,3.0,1.0,32.0,none,own,2.0,skilled,2.0,no,no
1 - 200 DM,15.0,good,car,2631.0,100 - 500 DM,1 - 4 years,2.0,4.0,28.0,none,rent,2.0,,1.0,yes,yes
unknown,12.0,poor,car,1503.0,< 100 DM,1 - 4 years,4.0,4.0,41.0,none,rent,1.0,skilled,1.0,no,no
unknown,24.0,good,furniture/appliances,1311.0,100 - 500 DM,4 - 7 years,4.0,3.0,26.0,none,own,1.0,skilled,1.0,,no
unknown,24.0,good,furniture/appliances,3105.0,unknown,< 1 year,4.0,2.0,25.0,none,own,2.0,skilled,1.0,no,no
> 200 DM,21.0,critical,education,2319.0,,< 1 year,2.0,1.0,33.0,none,rent,1.0,skilled,1.0,no,yes
< 0 DM,6.0,good,car,1374.0,unknown,unemployed,4.0,3.0,75.0,none,own,1.0,management,1.0,yes,no
1 - 200 DM,18.0,critical,furniture/appliances,3612.0,< 100 DM,> 7 years,3.0,4.0,37.0,none,own,1.0,skilled,1.0,yes,no
< 0 DM,48.0,good,car,7763.0,< 100 DM,> 7 years,4.0,4.0,42.0,bank,other,1.0,management,1.0,no,yes
> 200 DM,18.0,good,furniture/appliances,3049.0,< 100 DM,< 1 year,1.0,1.0,45.0,store,own,1.0,unskilled,1.0,no,no
1 - 200 DM,12.0,good,furniture/appliances,1534.0,< 100 DM,< 1 year,1.0,1.0,23.0,none,rent,1.0,skilled,1.0,no,yes
unknown,24.0,poor,car,2032.0,< 100 DM,> 7 years,4.0,4.0,60.0,none,other,2.0,skilled,1.0,,no
< 0 DM,30.0,good,furniture/appliances,6350.0,unknown,> 7 years,4.0,4.0,31.0,none,own,1.0,skilled,1.0,no,yes
> 200 DM,18.0,good,furniture/appliances,2864.0,< 100 DM,1 - 4 years,2.0,1.0,34.0,none,own,1.0,unskilled,2.0,no,yes
unknown,12.0,critical,car,1255.0,< 100 DM,> 7 years,4.0,4.0,61.0,none,own,2.0,unskilled,1.0,no,no
< 0 DM,24.0,poor,car,1333.0,< 100 DM,unemployed,4.0,,43.0,none,,2.0,skilled,2.0,no,yes
unknown,24.0,critical,car,2022.0,< 100 DM,1 - 4 years,4.0,4.0,37.0,none,own,1.0,skilled,1.0,yes,no
unknown,24.0,good,furniture/appliances,1552.0,< 100 DM,4 - 7 years,,1.0,32.0,bank,own,1.0,skilled,2.0,no,no
< 0 DM,12.0,very good,furniture/appliances,626.0,< 100 DM,,4.0,4.0,24.0,bank,own,1.0,unskilled,1.0,no,yes
,48.0,critical,car,8858.0,unknown,4 - 7 years,2.0,1.0,35.0,none,other,2.0,skilled,1.0,yes,no
unknown,,critical,renovations,996.0,unknown,4 - 7 years,4.0,4.0,23.0,,own,2.0,skilled,1.0,no,no
unknown,6.0,very good,furniture/appliances,1750.0,500 - 1000 DM,> 7 years,2.0,4.0,45.0,bank,own,1.0,unskilled,2.0,no,no
< 0 DM,48.0,good,furniture/appliances,6999.0,< 100 DM,4 - 7 years,1.0,1.0,34.0,none,own,2.0,skilled,1.0,yes,yes
1 - 200 DM,12.0,critical,car,1995.0,100 - 500 DM,< 1 year,4.0,1.0,27.0,none,own,1.0,skilled,1.0,no,no
1 - 200 DM,9.0,good,education,1199.0,< 100 DM,4 - 7 years,4.0,4.0,67.0,none,own,2.0,management,1.0,yes,no
1 - 200 DM,12.0,good,,1331.0,< 100 DM,< 1 year,2.0,1.0,22.0,store,,1.0,skilled,1.0,no,yes
1 - 200 DM,18.0,perfect,car,2278.0,100 - 500 DM,< 1 year,3.0,3.0,28.0,none,own,2.0,skilled,1.0,no,yes
unknown,21.0,perfect,car,5003.0,unknown,1 - 4 years,1.0,4.0,29.0,bank,own,2.0,,1.0,yes,yes
< 0 DM,,very good,furniture/appliances,3552.0,< 100 DM,4 - 7 years,3.0,4.0,27.0,bank,,1.0,skilled,1.0,no,yes
1 - 200 DM,18.0,critical,furniture/appliances,1928.0,< 100 DM,< 1 year,2.0,2.0,31.0,none,own,2.0,unskilled,1.0,no,yes
< 0 DM,24.0,good,car,2964.0,unknown,> 7 years,4.0,4.0,49.0,,other,1.0,skilled,2.0,yes,no
< 0 DM,24.0,very good,furniture/appliances,1546.0,< 100 DM,4 - 7 years,4.0,4.0,24.0,bank,rent,1.0,unskilled,,no,yes
> 200 DM,6.0,poor,furniture/appliances,683.0,< 100 DM,< 1 year,2.0,1.0,29.0,bank,own,1.0,skilled,1.0,no,no
1 - 200 DM,36.0,good,car,12389.0,unknown,1 - 4 years,1.0,4.0,37.0,none,other,1.0,skilled,1.0,yes,yes
1 - 200 DM,24.0,,business,4712.0,unknown,1 - 4 years,4.0,2.0,37.0,bank,own,2.0,management,1.0,yes,no
1 - 200 DM,24.0,poor,furniture/appliances,1553.0,100 - 500 DM,4 - 7 years,3.0,2.0,23.0,none,rent,2.0,skilled,1.0,yes,no
< 0 DM,12.0,good,car,1372.0,< 100 DM,4 - 7 years,2.0,3.0,36.0,none,own,1.0,skilled,1.0,no,yes
unknown,24.0,critical,furniture/appliances,2578.0,> 1000 DM,> 7 years,,2.0,34.0,none,own,1.0,skilled,1.0,no,no
1 - 200 DM,48.0,good,furniture/appliances,3979.0,unknown,4 - 7 years,4.0,1.0,41.0,none,own,2.0,skilled,2.0,yes,no
< 0 DM,48.0,good,furniture/appliances,6758.0,< 100 DM,1 - 4 years,3.0,2.0,31.0,none,own,1.0,skilled,1.0,yes,yes
< 0 DM,24.0,good,furniture/appliances,3234.0,< 100 DM,< 1 year,4.0,4.0,23.0,none,rent,,unskilled,1.0,yes,yes
unknown,30.0,critical,furniture/appliances,5954.0,< 100 DM,4 - 7 years,3.0,2.0,38.0,none,own,1.0,skilled,1.0,no,no
,24.0,good,car,5433.0,unknown,unemployed,2.0,4.0,26.0,none,rent,1.0,management,1.0,yes,no
< 0 DM,15.0,good,business,806.0,< 100 DM,1 - 4 years,4.0,4.0,22.0,none,own,1.0,unskilled,1.0,no,no
1 - 200 DM,9.0,good,furniture/appliances,1082.0,< 100 DM,> 7 years,4.0,4.0,27.0,none,own,2.0,unskilled,1.0,no,no
unknown,15.0,critical,furniture/appliances,2788.0,< 100 DM,4 - 7 years,2.0,3.0,24.0,bank,own,2.0,skilled,1.0,no,no
1 - 200 DM,12.0,good,furniture/appliances,2930.0,< 100 DM,4 - 7 years,2.0,1.0,27.0,none,own,1.0,skilled,1.0,no,no
unknown,24.0,critical,education,1927.0,unknown,1 - 4 years,3.0,2.0,33.0,none,own,2.0,skilled,1.0,yes,no
1 - 200 DM,36.0,critical,car,,< 100 DM,< 1 year,4.0,4.0,27.0,none,own,2.0,skilled,1.0,no,yes
unknown,24.0,good,education,937.0,< 100 DM,< 1 year,4.0,3.0,27.0,none,own,2.0,unskilled,1.0,no,no
1 - 200 DM,18.0,critical,car,1056.0,< 100 DM,> 7 years,3.0,3.0,30.0,bank,own,2.0,skilled,1.0,no,yes
1 - 200 DM,12.0,critical,car,3124.0,< 100 DM,< 1 year,1.0,3.0,49.0,bank,own,2.0,unskilled,2.0,no,no
unknown,9.0,good,furniture/appliances,1388.0,< 100 DM,1 - 4 years,4.0,2.0,26.0,none,rent,1.0,skilled,1.0,no,no
1 - 200 DM,36.0,good,renovations,2384.0,< 100 DM,< 1 year,4.0,1.0,33.0,none,rent,1.0,unskilled,1.0,no,yes
unknown,12.0,good,car,2133.0,unknown,> 7 years,4.0,4.0,52.0,none,other,1.0,management,1.0,yes,no
< 0 DM,18.0,good,furniture/appliances,2039.0,< 100 DM,1 - 4 years,1.0,4.0,20.0,bank,rent,1.0,skilled,1.0,no,yes
< 0 DM,9.0,,,2799.0,< 100 DM,1 - 4 years,2.0,2.0,36.0,none,rent,2.0,skilled,2.0,no,no
< 0 DM,12.0,good,furniture/appliances,1289.0,< 100 DM,1 - 4 years,4.0,1.0,21.0,none,own,1.0,unskilled,1.0,no,no
< 0 DM,18.0,good,furniture/appliances,1217.0,< 100 DM,1 - 4 years,4.0,3.0,47.0,none,own,1.0,unskilled,,yes,yes
< 0 DM,12.0,critical,furniture/appliances,2246.0,< 100 DM,> 7 years,3.0,,60.0,none,own,2.0,skilled,1.0,no,yes
< 0 DM,12.0,critical,furniture/appliances,385.0,< 100 DM,4 - 7 years,4.0,3.0,58.0,none,own,4.0,unskilled,1.0,yes,no
1 - 200 DM,24.0,poor,car,1965.0,unknown,1 - 4 years,4.0,4.0,42.0,none,rent,2.0,skilled,1.0,yes,no
unknown,21.0,good,business,1572.0,> 1000 DM,> 7 years,4.0,4.0,36.0,bank,own,1.0,unskilled,1.0,no,no
1 - 200 DM,24.0,good,car,2718.0,< 100 DM,1 - 4 years,3.0,4.0,20.0,none,rent,1.0,unskilled,1.0,yes,yes
< 0 DM,24.0,very good,,1358.0,unknown,> 7 years,4.0,3.0,40.0,store,own,1.0,management,1.0,yes,yes
1 - 200 DM,6.0,very good,car,931.0,100 - 500 DM,< 1 year,1.0,1.0,32.0,store,own,1.0,unskilled,1.0,no,yes
< 0 DM,24.0,good,car,1442.0,< 100 DM,4 - 7 years,4.0,4.0,23.0,,,2.0,skilled,1.0,no,yes
1 - 200 DM,24.0,perfect,business,4241.0,< 100 DM,1 - 4 years,1.0,4.0,36.0,none,own,3.0,unskilled,1.0,yes,yes
unknown,18.0,critical,car,2775.0,< 100 DM,4 - 7 years,2.0,2.0,31.0,bank,own,2.0,skilled,1.0,no,yes
unknown,24.0,poor,business,3863.0,< 100 DM,1 - 4 years,,2.0,32.0,none,other,1.0,skilled,1.0,no,no
1 - 200 DM,7.0,good,furniture/appliances,2329.0,< 100 DM,< 1 year,1.0,,45.0,none,own,1.0,skilled,1.0,no,no
1 - 200 DM,9.0,good,furniture/appliances,918.0,< 100 DM,1 - 4 years,4.0,1.0,30.0,none,own,1.0,skilled,1.0,no,yes
1 - 200 DM,24.0,,education,1837.0,< 100 DM,4 - 7 years,4.0,4.0,34.0,bank,other,1.0,unskilled,1.0,no,yes
unknown,36.0,,furniture/appliances,3349.0,< 100 DM,1 - 4 years,4.0,2.0,28.0,none,own,1.0,management,1.0,yes,yes
> 200 DM,10.0,good,furniture/appliances,1275.0,< 100 DM,< 1 year,4.0,2.0,23.0,none,own,1.0,skilled,1.0,no,no
< 0 DM,24.0,very good,furniture/appliances,2828.0,500 - 1000 DM,1 - 4 years,4.0,4.0,22.0,store,own,1.0,skilled,1.0,yes,no
unknown,24.0,critical,business,4526.0,< 100 DM,1 - 4 years,3.0,2.0,74.0,none,own,1.0,management,1.0,yes,no
1 - 200 DM,36.0,good,furniture/appliances,2671.0,100 - 500 DM,1 - 4 years,4.0,4.0,50.0,none,other,1.0,skilled,1.0,no,yes
unknown,18.0,good,furniture/appliances,2051.0,< 100 DM,< 1 year,4.0,1.0,33.0,none,own,1.0,skilled,1.0,no,no
unknown,15.0,good,car,1300.0,unknown,> 7 years,4.0,,45.0,bank,other,,skilled,2.0,no,no
< 0 DM,12.0,,furniture/appliances,741.0,100 - 500 DM,,4.0,3.0,22.0,none,own,1.0,skilled,1.0,no,yes
> 200 DM,10.0,good,car,1240.0,100 - 500 DM,> 7 years,1.0,4.0,48.0,none,other,1.0,unskilled,2.0,no,yes
< 0 DM,21.0,,furniture/appliances,3357.0,> 1000 DM,,4.0,2.0,,bank,own,1.0,skilled,1.0,no,no
< 0 DM,24.0,very good,car,3632.0,< 100 DM,1 - 4 years,1.0,4.0,22.0,bank,rent,1.0,skilled,,no,no
unknown,18.0,poor,furniture/appliances,1808.0,< 100 DM,4 - 7 years,4.0,1.0,22.0,none,own,1.0,skilled,1.0,no,yes
1 - 200 DM,48.0,perfect,business,12204.0,unknown,1 - 4 years,2.0,2.0,48.0,bank,own,1.0,management,1.0,yes,no
1 - 200 DM,60.0,poor,furniture/appliances,9157.0,unknown,1 - 4 years,2.0,2.0,27.0,none,other,1.0,management,1.0,no,no
< 0 DM,6.0,critical,car,3676.0,< 100 DM,1 - 4 years,1.0,3.0,37.0,none,rent,3.0,skilled,2.0,no,no
1 - 200 DM,30.0,good,furniture/appliances,3441.0,100 - 500 DM,1 - 4 years,2.0,4.0,21.0,none,rent,1.0,skilled,1.0,no,yes
unknown,12.0,good,car,640.0,< 100 DM,1 - 4 years,4.0,2.0,49.0,none,own,1.0,unskilled,1.0,no,no
1 - 200 DM,21.0,critical,business,3652.0,< 100 DM,4 - 7 years,2.0,3.0,27.0,none,own,2.0,skilled,,no,no
unknown,18.0,critical,car,1530.0,< 100 DM,1 - 4 years,3.0,2.0,32.0,bank,own,2.0,skilled,1.0,no,yes
unknown,48.0,good,business,3914.0,unknown,1 - 4 years,4.0,2.0,38.0,bank,own,1.0,skilled,1.0,no,yes
< 0 DM,12.0,good,furniture/appliances,1858.0,< 100 DM,< 1 year,4.0,1.0,22.0,none,rent,1.0,skilled,1.0,no,no
< 0 DM,18.0,good,furniture/appliances,2600.0,,1 - 4 years,4.0,4.0,65.0,none,other,2.0,skilled,1.0,no,yes
unknown,15.0,good,furniture/appliances,1979.0,unknown,> 7 years,4.0,2.0,35.0,none,own,1.0,skilled,1.0,no,no
> 200 DM,6.0,good,furniture/appliances,2116.0,< 100 DM,1 - 4 years,2.0,2.0,41.0,none,own,1.0,skilled,1.0,yes,no
1 - 200 DM,9.0,very good,car,1437.0,100 - 500 DM,4 - 7 years,2.0,3.0,29.0,none,own,,skilled,1.0,no,yes
unknown,42.0,critical,furniture/appliances,4042.0,500 - 1000 DM,1 - 4 years,4.0,4.0,,none,own,2.0,skilled,1.0,yes,no
unknown,9.0,good,education,3832.0,unknown,> 7 years,1.0,4.0,64.0,none,own,1.0,unskilled,1.0,no,no
< 0 DM,24.0,good,,3660.0,< 100 DM,1 - 4 years,2.0,4.0,28.0,none,own,1.0,skilled,1.0,no,no
< 0 DM,18.0,very good,furniture/appliances,1553.0,< 100 DM,1 - 4 years,4.0,3.0,44.0,bank,own,1.0,skilled,1.0,no,yes
1 - 200 DM,15.0,good,furniture/appliances,1444.0,unknown,< 1 year,4.0,1.0,23.0,none,own,1.0,skilled,1.0,no,no
unknown,9.0,good,furniture/appliances,1980.0,< 100 DM,< 1 year,2.0,2.0,19.0,none,rent,,skilled,1.0,no,yes
1 - 200 DM,24.0,good,car,1355.0,< 100 DM,< 1 year,3.0,4.0,25.0,none,own,1.0,unskilled,1.0,yes,yes
unknown,12.0,good,education,1393.0,< 100 DM,> 7 years,4.0,4.0,47.0,bank,own,3.0,skilled,2.0,yes,no
unknown,24.0,good,furniture/appliances,1376.0,500 - 1000 DM,4 - 7 years,4.0,1.0,28.0,none,own,1.0,skilled,1.0,no,no
unknown,60.0,poor,furniture/appliances,15653.0,< 100 DM,4 - 7 years,2.0,4.0,21.0,none,own,2.0,skilled,1.0,yes,no
unknown,12.0,good,furniture/appliances,1493.0,< 100 DM,< 1 year,4.0,3.0,34.0,none,own,1.0,skilled,2.0,no,no
< 0 DM,42.0,poor,furniture/appliances,,< 100 DM,4 - 7 years,3.0,2.0,26.0,bank,own,2.0,skilled,2.0,yes,yes
< 0 DM,18.0,good,education,750.0,< 100 DM,unemployed,4.0,1.0,27.0,none,own,1.0,unemployed,1.0,no,yes
1 - 200 DM,15.0,good,renovations,1308.0,< 100 DM,> 7 years,4.0,,38.0,none,own,2.0,unskilled,1.0,,no
unknown,15.0,good,education,4623.0,100 - 500 DM,1 - 4 years,3.0,2.0,40.0,none,own,1.0,management,1.0,yes,yes
unknown,24.0,critical,furniture/appliances,1851.0,< 100 DM,4 - 7 years,4.0,2.0,33.0,none,own,2.0,skilled,1.0,yes,no
< 0 DM,18.0,critical,furniture/appliances,1880.0,< 100 DM,4 - 7 years,4.0,1.0,32.0,none,own,2.0,management,,yes,no
unknown,36.0,poor,business,7980.0,unknown,< 1 year,4.0,4.0,27.0,none,rent,2.0,skilled,1.0,yes,yes
< 0 DM,30.0,perfect,furniture/appliances,,< 100 DM,1 - 4 years,2.0,2.0,32.0,none,own,2.0,skilled,1.0,no,no
unknown,12.0,good,car,1386.0,500 - 1000 DM,1 - 4 years,2.0,2.0,26.0,none,own,1.0,skilled,1.0,no,yes
> 200 DM,24.0,good,car,947.0,< 100 DM,4 - 7 years,4.0,3.0,38.0,bank,other,1.0,skilled,2.0,no,yes
< 0 DM,12.0,good,education,684.0,< 100 DM,1 - 4 years,4.0,4.0,40.0,none,,1.0,unskilled,2.0,no,yes
< 0 DM,48.0,good,education,7476.0,< 100 DM,4 - 7 years,4.0,1.0,50.0,none,other,1.0,management,1.0,yes,no
1 - 200 DM,12.0,good,furniture/appliances,1922.0,< 100 DM,1 - 4 years,4.0,2.0,37.0,none,own,1.0,unskilled,1.0,no,yes
< 0 DM,24.0,good,car,2303.0,< 100 DM,> 7 years,4.0,1.0,45.0,none,own,1.0,skilled,1.0,no,yes
1 - 200 DM,36.0,poor,car,8086.0,100 - 500 DM,> 7 years,2.0,4.0,42.0,none,own,4.0,management,1.0,yes,yes
unknown,24.0,critical,car,2346.0,< 100 DM,4 - 7 years,4.0,3.0,35.0,none,own,2.0,skilled,1.0,yes,no
< 0 DM,14.0,good,car,3973.0,< 100 DM,unemployed,1.0,4.0,22.0,none,other,1.0,skilled,1.0,no,no
1 - 200 DM,12.0,good,car,888.0,< 100 DM,> 7 years,4.0,4.0,41.0,bank,own,1.0,unskilled,2.0,no,yes
unknown,48.0,good,furniture/appliances,10222.0,unknown,4 - 7 years,4.0,3.0,37.0,store,own,1.0,skilled,1.0,yes,no
1 - 200 DM,30.0,perfect,business,4221.0,< 100 DM,1 - 4 years,2.0,1.0,28.0,none,own,2.0,skilled,1.0,no,no
1 - 200 DM,18.0,critical,furniture/appliances,6361.0,< 100 DM,> 7 years,2.0,1.0,41.0,none,own,1.0,skilled,1.0,yes,no
> 200 DM,12.0,good,furniture/appliances,1297.0,< 100 DM,1 - 4 years,3.0,4.0,23.0,none,rent,1.0,skilled,1.0,no,no
< 0 DM,12.0,good,car,900.0,unknown,1 - 4 years,,2.0,23.0,none,own,1.0,skilled,1.0,no,yes
unknown,21.0,good,furniture/appliances,2241.0,< 100 DM,> 7 years,4.0,2.0,50.0,none,own,2.0,skilled,1.0,no,no
1 - 200 DM,6.0,poor,furniture/appliances,1050.0,,unemployed,4.0,1.0,35.0,store,own,2.0,management,1.0,yes,no
> 200 DM,6.0,critical,education,1047.0,< 100 DM,1 - 4 years,2.0,4.0,50.0,none,own,1.0,unskilled,1.0,no,no
unknown,24.0,critical,car0,6314.0,< 100 DM,unemployed,4.0,2.0,27.0,bank,own,2.0,management,1.0,yes,no
1 - 200 DM,30.0,very good,,3496.0,> 1000 DM,1 - 4 years,4.0,2.0,34.0,store,own,1.0,skilled,2.0,yes,no
unknown,48.0,very good,business,3609.0,< 100 DM,1 - 4 years,1.0,1.0,27.0,store,own,1.0,skilled,1.0,no,no
< 0 DM,12.0,critical,car,4843.0,< 100 DM,> 7 years,3.0,,43.0,none,rent,2.0,skilled,1.0,yes,yes
> 200 DM,30.0,critical,furniture/appliances,3017.0,,> 7 years,4.0,4.0,47.0,none,own,1.0,skilled,1.0,no,no
unknown,24.0,critical,business,4139.0,100 - 500 DM,1 - 4 years,3.0,3.0,27.0,none,own,2.0,unskilled,1.0,yes,no
unknown,36.0,good,business,5742.0,100 - 500 DM,4 - 7 years,2.0,2.0,31.0,none,own,2.0,,1.0,yes,no
unknown,60.0,good,car,10366.0,< 100 DM,> 7 years,2.0,4.0,42.0,none,own,1.0,management,1.0,yes,no
,6.0,critical,car,2080.0,500 - 1000 DM,1 - 4 years,1.0,2.0,24.0,none,own,1.0,skilled,1.0,no,no
unknown,21.0,poor,business,2580.0,500 - 1000 DM,< 1 year,4.0,2.0,41.0,bank,own,1.0,unskilled,2.0,no,yes
unknown,30.0,critical,furniture/appliances,4530.0,< 100 DM,4 - 7 years,,4.0,26.0,none,rent,1.0,management,1.0,yes,no
unknown,24.0,critical,furniture/appliances,,< 100 DM,> 7 years,4.0,4.0,33.0,none,own,1.0,skilled,1.0,yes,no
1 - 200 DM,72.0,good,furniture/appliances,5595.0,100 - 500 DM,1 - 4 years,2.0,2.0,24.0,none,own,1.0,skilled,1.0,no,yes
< 0 DM,24.0,good,furniture/appliances,2384.0,< 100 DM,> 7 years,,4.0,64.0,bank,rent,1.0,unskilled,1.0,no,no
,18.0,good,furniture/appliances,1453.0,< 100 DM,< 1 year,3.0,1.0,26.0,none,own,1.0,skilled,1.0,no,no
unknown,6.0,good,education,1538.0,< 100 DM,< 1 year,1.0,2.0,56.0,none,own,1.0,skilled,1.0,no,no
unknown,12.0,good,,2279.0,unknown,1 - 4 years,4.0,4.0,37.0,none,other,1.0,skilled,1.0,yes,no
unknown,15.0,poor,furniture/appliances,1478.0,< 100 DM,1 - 4 years,4.0,3.0,33.0,bank,own,2.0,skilled,1.0,no,no
unknown,24.0,critical,furniture/appliances,5103.0,< 100 DM,< 1 year,3.0,3.0,47.0,none,other,3.0,skilled,1.0,yes,no
1 - 200 DM,36.0,poor,business,9857.0,100 - 500 DM,4 - 7 years,1.0,3.0,31.0,none,own,2.0,,2.0,yes,no
unknown,60.0,good,car,6527.0,unknown,1 - 4 years,4.0,4.0,34.0,none,other,1.0,skilled,2.0,yes,no
> 200 DM,10.0,critical,furniture/appliances,1347.0,unknown,4 - 7 years,4.0,2.0,27.0,none,own,2.0,skilled,1.0,yes,no
1 - 200 DM,36.0,poor,car,2862.0,100 - 500 DM,> 7 years,4.0,3.0,30.0,none,other,1.0,skilled,1.0,no,no
unknown,9.0,good,,2753.0,100 - 500 DM,> 7 years,3.0,4.0,35.0,none,own,1.0,skilled,1.0,yes,no
< 0 DM,12.0,good,car,3651.0,> 1000 DM,1 - 4 years,1.0,3.0,31.0,none,own,1.0,,2.0,no,no
< 0 DM,15.0,critical,furniture/appliances,975.0,,1 - 4 years,2.0,3.0,25.0,none,own,2.0,skilled,1.0,no,no
1 - 200 DM,15.0,good,renovations,2631.0,100 - 500 DM,1 - 4 years,3.0,2.0,25.0,,own,1.0,unskilled,1.0,no,no
1 - 200 DM,24.0,good,furniture/appliances,2896.0,100 - 500 DM,< 1 year,2.0,1.0,29.0,none,own,1.0,skilled,1.0,no,no
< 0 DM,,critical,car,4716.0,unknown,< 1 year,,3.0,44.0,,own,2.0,unskilled,2.0,no,no
unknown,24.0,good,furniture/appliances,2284.0,< 100 DM,4 - 7 years,4.0,,,none,own,,skilled,1.0,yes,no
unknown,6.0,good,car,1236.0,500 - 1000 DM,1 - 4 years,2.0,4.0,50.0,none,rent,1.0,skilled,1.0,no,no
1 - 200 DM,12.0,good,furniture/appliances,1103.0,< 100 DM,4 - 7 years,4.0,3.0,29.0,none,,2.0,skilled,1.0,no,no
unknown,12.0,critical,car,926.0,< 100 DM,unemployed,1.0,2.0,38.0,none,own,1.0,unemployed,1.0,no,no
unknown,18.0,critical,furniture/appliances,1800.0,< 100 DM,1 - 4 years,4.0,2.0,24.0,none,own,2.0,skilled,1.0,no,no
> 200 DM,15.0,good,education,1905.0,< 100 DM,> 7 years,4.0,4.0,40.0,none,rent,1.0,management,1.0,yes,no
unknown,12.0,good,furniture/appliances,1123.0,500 - 1000 DM,1 - 4 years,4.0,4.0,29.0,none,rent,1.0,unskilled,1.0,no,yes
< 0 DM,48.0,critical,car,6331.0,< 100 DM,> 7 years,4.0,4.0,46.0,none,other,2.0,skilled,1.0,yes,yes
> 200 DM,24.0,good,furniture/appliances,1377.0,100 - 500 DM,> 7 years,4.0,2.0,47.0,none,other,1.0,skilled,1.0,yes,no
1 - 200 DM,30.0,poor,business,2503.0,100 - 500 DM,> 7 years,4.0,2.0,41.0,store,own,2.0,skilled,1.0,no,no
1 - 200 DM,27.0,good,business,2528.0,< 100 DM,< 1 year,4.0,1.0,32.0,none,own,1.0,skilled,2.0,yes,no
unknown,15.0,good,car,5324.0,500 - 1000 DM,> 7 years,1.0,4.0,35.0,none,other,1.0,skilled,1.0,no,no
1 - 200 DM,48.0,good,car,6560.0,100 - 500 DM,4 - 7 years,3.0,2.0,24.0,,own,1.0,skilled,1.0,no,yes
1 - 200 DM,12.0,perfect,furniture/appliances,2969.0,< 100 DM,< 1 year,4.0,3.0,25.0,none,rent,2.0,skilled,1.0,no,yes
1 - 200 DM,9.0,good,furniture/appliances,1206.0,< 100 DM,> 7 years,4.0,4.0,25.0,none,own,1.0,skilled,1.0,no,no
1 - 200 DM,9.0,good,furniture/appliances,2118.0,< 100 DM,1 - 4 years,2.0,2.0,37.0,none,own,1.0,unskilled,2.0,no,no
unknown,18.0,critical,furniture/appliances,629.0,500 - 1000 DM,> 7 years,4.0,3.0,32.0,bank,own,2.0,management,1.0,yes,no
< 0 DM,6.0,very good,education,1198.0,< 100 DM,> 7 years,4.0,4.0,35.0,none,other,1.0,skilled,1.0,no,yes
unknown,21.0,good,car,2476.0,unknown,> 7 years,4.0,4.0,46.0,none,,1.0,management,1.0,yes,no
< 0 DM,9.0,critical,furniture/appliances,1138.0,< 100 DM,1 - 4 years,4.0,4.0,25.0,none,own,2.0,unskilled,1.0,no,no
1 - 200 DM,,good,car,14027.0,< 100 DM,4 - 7 years,4.0,2.0,27.0,none,own,1.0,management,1.0,yes,yes
unknown,30.0,critical,car,7596.0,unknown,> 7 years,1.0,4.0,63.0,none,own,2.0,skilled,1.0,no,no
unknown,30.0,critical,furniture/appliances,,unknown,> 7 years,3.0,2.0,40.0,none,own,2.0,skilled,2.0,yes,no
unknown,18.0,good,furniture/appliances,1505.0,< 100 DM,1 - 4 years,4.0,2.0,32.0,none,other,1.0,management,1.0,yes,no
> 200 DM,24.0,critical,furniture/appliances,3148.0,unknown,1 - 4 years,3.0,2.0,31.0,none,own,2.0,skilled,1.0,yes,no
1 - 200 DM,20.0,perfect,car,6148.0,100 - 500 DM,> 7 years,3.0,,31.0,bank,own,2.0,skilled,1.0,yes,no
> 200 DM,9.0,perfect,furniture/appliances,,< 100 DM,< 1 year,4.0,2.0,34.0,none,own,2.0,management,1.0,yes,yes
1 - 200 DM,6.0,very good,education,433.0,> 1000 DM,< 1 year,4.0,2.0,24.0,bank,rent,1.0,skilled,2.0,no,yes
< 0 DM,12.0,good,car,1228.0,< 100 DM,1 - 4 years,4.0,2.0,,none,own,1.0,unskilled,1.0,no,yes
1 - 200 DM,9.0,good,furniture/appliances,790.0,500 - 1000 DM,1 - 4 years,4.0,3.0,66.0,none,own,1.0,unskilled,1.0,no,no
unknown,27.0,good,car,2570.0,< 100 DM,1 - 4 years,,3.0,21.0,none,rent,1.0,skilled,1.0,no,yes
unknown,6.0,critical,car,250.0,> 1000 DM,1 - 4 years,2.0,2.0,41.0,bank,own,2.0,unskilled,1.0,no,no
unknown,15.0,critical,furniture/appliances,1316.0,500 - 1000 DM,1 - 4 years,2.0,2.0,47.0,none,own,2.0,unskilled,1.0,no,no
< 0 DM,18.0,good,furniture/appliances,1882.0,< 100 DM,1 - 4 years,4.0,4.0,25.0,bank,rent,2.0,skilled,1.0,no,yes
1 - 200 DM,48.0,very good,business,6416.0,< 100 DM,> 7 years,4.0,3.0,59.0,none,rent,1.0,skilled,1.0,no,yes
> 200 DM,24.0,critical,business,1275.0,> 1000 DM,1 - 4 years,2.0,4.0,36.0,none,own,2.0,skilled,1.0,yes,no
1 - 200 DM,24.0,poor,furniture/appliances,6403.0,< 100 DM,,1.0,2.0,33.0,none,own,1.0,skilled,1.0,no,no
< 0 DM,24.0,good,furniture/appliances,1987.0,< 100 DM,1 - 4 years,2.0,4.0,21.0,none,rent,1.0,unskilled,2.0,no,yes
1 - 200 DM,8.0,good,furniture/appliances,760.0,< 100 DM,4 - 7 years,4.0,2.0,44.0,none,own,1.0,unskilled,1.0,no,no
unknown,24.0,good,car,2603.0,> 1000 DM,1 - 4 years,2.0,4.0,28.0,none,rent,1.0,skilled,1.0,yes,no
unknown,4.0,critical,car,3380.0,< 100 DM,,1.0,1.0,37.0,none,own,1.0,skilled,2.0,no,no
1 - 200 DM,36.0,very good,furniture/appliances,3990.0,unknown,< 1 year,3.0,,29.0,bank,own,1.0,unemployed,1.0,no,no
1 - 200 DM,24.0,good,car,11560.0,< 100 DM,1 - 4 years,1.0,,23.0,none,rent,2.0,management,1.0,no,
< 0 DM,18.0,good,car,4380.0,100 - 500 DM,1 - 4 years,3.0,,35.0,none,own,1.0,unskilled,2.0,yes,no
unknown,6.0,critical,car,6761.0,< 100 DM,4 - 7 years,1.0,3.0,45.0,none,own,2.0,management,2.0,yes,no
,30.0,perfect,business,4280.0,100 - 500 DM,1 - 4 years,4.0,4.0,,none,rent,2.0,unskilled,1.0,no,yes
< 0 DM,24.0,very good,car,2325.0,100 - 500 DM,4 - 7 years,2.0,3.0,32.0,bank,own,1.0,skilled,1.0,no,no
,10.0,very good,furniture/appliances,1048.0,< 100 DM,1 - 4 years,4.0,4.0,23.0,store,own,1.0,unskilled,1.0,no,no
unknown,21.0,good,furniture/appliances,3160.0,unknown,> 7 years,4.0,3.0,41.0,none,own,1.0,skilled,1.0,yes,no
< 0 DM,24.0,very good,furniture/appliances,2483.0,500 - 1000 DM,1 - 4 years,4.0,4.0,22.0,store,own,1.0,skilled,1.0,yes,no
< 0 DM,39.0,critical,furniture/appliances,14179.0,unknown,4 - 7 years,4.0,4.0,30.0,none,own,2.0,management,1.0,yes,no
< 0 DM,13.0,critical,business,1797.0,< 100 DM,< 1 year,3.0,1.0,28.0,bank,own,2.0,unskilled,1.0,no,no
< 0 DM,15.0,good,car,2511.0,< 100 DM,unemployed,1.0,4.0,23.0,none,rent,1.0,skilled,1.0,no,no
< 0 DM,12.0,good,car,1274.0,< 100 DM,< 1 year,3.0,1.0,37.0,none,own,1.0,unskilled,1.0,no,yes
unknown,21.0,good,car,5248.0,unknown,1 - 4 years,1.0,3.0,26.0,none,own,,skilled,1.0,no,no
unknown,15.0,good,car,3029.0,< 100 DM,4 - 7 years,2.0,2.0,33.0,none,,1.0,skilled,1.0,no,no
< 0 DM,6.0,good,,428.0,< 100 DM,> 7 years,2.0,1.0,49.0,bank,own,1.0,skilled,1.0,yes,no
< 0 DM,18.0,good,car,976.0,< 100 DM,< 1 year,1.0,2.0,23.0,none,own,1.0,unskilled,1.0,no,yes
1 - 200 DM,12.0,good,business,841.0,,4 - 7 years,2.0,4.0,23.0,none,rent,1.0,unskilled,1.0,no,no
unknown,30.0,critical,furniture/appliances,5771.0,< 100 DM,4 - 7 years,4.0,2.0,25.0,none,own,2.0,skilled,1.0,no,no
unknown,12.0,poor,renovations,1555.0,> 1000 DM,> 7 years,4.0,4.0,55.0,none,other,2.0,skilled,2.0,no,yes
< 0 DM,24.0,good,car,1285.0,unknown,4 - 7 years,4.0,4.0,32.0,none,rent,1.0,skilled,1.0,no,yes
> 200 DM,6.0,critical,car,1299.0,< 100 DM,1 - 4 years,,1.0,74.0,none,own,3.0,unemployed,2.0,no,no
> 200 DM,15.0,critical,furniture/appliances,1271.0,unknown,1 - 4 years,3.0,4.0,39.0,none,other,2.0,skilled,1.0,yes,yes
unknown,24.0,good,car,1393.0,< 100 DM,1 - 4 years,2.0,2.0,31.0,none,own,1.0,skilled,1.0,yes,no
< 0 DM,12.0,critical,car,691.0,< 100 DM,> 7 years,4.0,3.0,35.0,none,own,2.0,skilled,1.0,,yes
unknown,15.0,critical,car,5045.0,unknown,> 7 years,1.0,4.0,59.0,none,own,1.0,skilled,1.0,yes,no
< 0 DM,18.0,critical,furniture/appliances,2124.0,< 100 DM,1 - 4 years,4.0,4.0,24.0,none,rent,2.0,skilled,1.0,no,yes
< 0 DM,12.0,good,furniture/appliances,2214.0,< 100 DM,1 - 4 years,4.0,3.0,24.0,none,own,1.0,unskilled,1.0,no,no
unknown,21.0,critical,car,12680.0,unknown,> 7 years,4.0,4.0,30.0,,other,1.0,management,1.0,yes,yes
unknown,24.0,critical,car,2463.0,,4 - 7 years,4.0,3.0,27.0,,own,2.0,skilled,1.0,yes,no
1 - 200 DM,12.0,good,furniture/appliances,1155.0,< 100 DM,> 7 years,3.0,3.0,40.0,bank,own,2.0,unskilled,1.0,no,no
< 0 DM,30.0,good,,3108.0,< 100 DM,< 1 year,2.0,4.0,,none,own,1.0,unskilled,1.0,no,yes
unknown,10.0,good,car,2901.0,unknown,< 1 year,1.0,4.0,31.0,none,rent,1.0,skilled,1.0,no,no
1 - 200 DM,12.0,critical,furniture/appliances,3617.0,< 100 DM,> 7 years,1.0,4.0,28.0,none,rent,3.0,skilled,1.0,yes,no
unknown,12.0,critical,furniture/appliances,1655.0,< 100 DM,> 7 years,2.0,4.0,63.0,none,own,2.0,unskilled,1.0,yes,no
< 0 DM,24.0,good,car,2812.0,unknown,> 7 years,2.0,4.0,26.0,,rent,1.0,skilled,1.0,no,no
< 0 DM,36.0,critical,education,8065.0,< 100 DM,1 - 4 years,3.0,2.0,25.0,none,,2.0,management,1.0,yes,yes
unknown,21.0,critical,car,3275.0,< 100 DM,> 7 years,1.0,4.0,36.0,none,own,,management,1.0,yes,no
,24.0,critical,furniture/appliances,2223.0,100 - 500 DM,> 7 years,4.0,4.0,52.0,bank,own,2.0,skilled,1.0,no,no
> 200 DM,12.0,critical,car,1480.0,500 - 1000 DM,unemployed,2.0,,66.0,bank,other,3.0,unemployed,1.0,no,no
< 0 DM,24.0,good,car,1371.0,unknown,1 - 4 years,4.0,4.0,25.0,none,rent,1.0,skilled,1.0,no,yes
unknown,36.0,critical,car,3535.0,< 100 DM,4 - 7 years,4.0,4.0,37.0,none,own,2.0,skilled,1.0,yes,no
< 0 DM,18.0,good,furniture/appliances,3509.0,< 100 DM,4 - 7 years,4.0,,25.0,none,own,1.0,skilled,1.0,no,no
unknown,36.0,critical,car,5711.0,> 1000 DM,> 7 years,4.0,2.0,38.0,none,own,2.0,management,1.0,yes,no
1 - 200 DM,18.0,good,renovations,3872.0,< 100 DM,unemployed,2.0,4.0,67.0,none,own,1.0,,1.0,yes,no
1 - 200 DM,39.0,critical,furniture/appliances,4933.0,< 100 DM,4 - 7 years,2.0,2.0,25.0,none,own,2.0,skilled,1.0,no,yes
unknown,24.0,critical,car,1940.0,> 1000 DM,> 7 years,,4.0,60.0,none,own,1.0,skilled,1.0,,no
1 - 200 DM,12.0,perfect,education,1410.0,< 100 DM,1 - 4 years,2.0,2.0,31.0,none,own,1.0,unskilled,1.0,yes,no
1 - 200 DM,12.0,good,car,836.0,,< 1 year,4.0,2.0,23.0,bank,own,1.0,unskilled,1.0,no,yes
1 - 200 DM,20.0,good,car,6468.0,unknown,unemployed,1.0,4.0,60.0,none,own,1.0,management,1.0,yes,no
1 - 200 DM,18.0,good,business,1941.0,> 1000 DM,1 - 4 years,4.0,2.0,35.0,none,own,1.0,unskilled,1.0,yes,no
unknown,22.0,good,furniture/appliances,2675.0,500 - 1000 DM,> 7 years,3.0,4.0,40.0,none,own,1.0,,1.0,no,no
unknown,48.0,critical,car,2751.0,unknown,> 7 years,4.0,3.0,38.0,none,own,2.0,skilled,2.0,yes,no
1 - 200 DM,48.0,poor,education,6224.0,< 100 DM,> 7 years,4.0,4.0,50.0,none,other,1.0,skilled,1.0,no,yes
< 0 DM,40.0,critical,education,5998.0,< 100 DM,1 - 4 years,4.0,3.0,27.0,bank,own,1.0,skilled,1.0,yes,yes
1 - 200 DM,21.0,good,business,1188.0,< 100 DM,> 7 years,2.0,4.0,39.0,none,own,1.0,skilled,2.0,no,yes
unknown,24.0,good,car,6313.0,unknown,> 7 years,,4.0,41.0,none,own,1.0,management,2.0,,no
unknown,6.0,critical,furniture/appliances,1221.0,unknown,1 - 4 years,1.0,,27.0,none,own,2.0,skilled,1.0,no,no
> 200 DM,24.0,good,furniture/appliances,2892.0,< 100 DM,,3.0,4.0,,none,other,1.0,skilled,1.0,no,no
unknown,24.0,good,furniture/appliances,3062.0,500 - 1000 DM,> 7 years,4.0,,32.0,none,rent,1.0,,1.0,yes,no
unknown,9.0,,furniture/appliances,2301.0,100 - 500 DM,< 1 year,2.0,4.0,22.0,,rent,1.0,skilled,1.0,,no
< 0 DM,18.0,good,car,7511.0,unknown,> 7 years,1.0,4.0,51.0,none,other,1.0,skilled,2.0,yes,yes
unknown,12.0,critical,furniture/appliances,1258.0,< 100 DM,< 1 year,2.0,4.0,22.0,,rent,2.0,unskilled,1.0,,no
unknown,24.0,poor,car,,unknown,> 7 years,4.0,4.0,54.0,none,own,2.0,skilled,1.0,yes,no
1 - 200 DM,9.0,good,car,1549.0,unknown,< 1 year,4.0,2.0,35.0,none,own,1.0,unemployed,1.0,no,no
unknown,24.0,critical,education,1597.0,< 100 DM,> 7 years,4.0,4.0,54.0,none,other,2.0,skilled,2.0,no,no
1 - 200 DM,18.0,critical,furniture/appliances,1795.0,< 100 DM,> 7 years,3.0,4.0,48.0,bank,rent,2.0,unskilled,1.0,yes,no
< 0 DM,20.0,critical,furniture/appliances,4272.0,< 100 DM,> 7 years,1.0,4.0,24.0,none,own,2.0,skilled,1.0,no,no
unknown,12.0,critical,,976.0,unknown,> 7 years,4.0,4.0,35.0,none,own,2.0,skilled,1.0,no,no
1 - 200 DM,12.0,good,car,7472.0,unknown,unemployed,1.0,2.0,24.0,none,rent,1.0,unemployed,1.0,no,
< 0 DM,36.0,good,car,9271.0,< 100 DM,4 - 7 years,2.0,1.0,24.0,none,own,1.0,skilled,1.0,yes,yes
,6.0,good,furniture/appliances,590.0,< 100 DM,< 1 year,3.0,3.0,26.0,none,own,1.0,unskilled,1.0,no,no
unknown,12.0,critical,furniture/appliances,930.0,unknown,> 7 years,4.0,4.0,65.0,none,own,4.0,skilled,1.0,no,no
1 - 200 DM,42.0,very good,car,,< 100 DM,unemployed,1.0,2.0,55.0,bank,other,1.0,management,1.0,yes,no
1 - 200 DM,15.0,perfect,car,1778.0,< 100 DM,< 1 year,2.0,1.0,26.0,,rent,2.0,unemployed,1.0,no,yes
1 - 200 DM,8.0,good,business,907.0,< 100 DM,< 1 year,3.0,2.0,26.0,none,own,1.0,skilled,1.0,yes,no
1 - 200 DM,6.0,good,furniture/appliances,484.0,< 100 DM,4 - 7 years,,3.0,28.0,bank,own,1.0,unskilled,1.0,no,no
< 0 DM,36.0,critical,car,9629.0,< 100 DM,,4.0,4.0,24.0,none,own,2.0,skilled,1.0,yes,yes
< 0 DM,48.0,good,furniture/appliances,3051.0,< 100 DM,1 - 4 years,3.0,4.0,54.0,none,own,1.0,skilled,1.0,no,yes
< 0 DM,48.0,good,car,3931.0,< 100 DM,4 - 7 years,4.0,4.0,46.0,none,other,1.0,skilled,2.0,no,yes
1 - 200 DM,36.0,poor,car,7432.0,< 100 DM,1 - 4 years,2.0,2.0,54.0,none,rent,1.0,skilled,1.0,no,no
unknown,6.0,good,furniture/appliances,1338.0,500 - 1000 DM,1 - 4 years,1.0,4.0,62.0,none,own,,skilled,1.0,no,no
unknown,6.0,critical,furniture/appliances,1554.0,< 100 DM,4 - 7 years,1.0,2.0,24.0,none,rent,2.0,skilled,1.0,yes,no
< 0 DM,36.0,good,car0,15857.0,< 100 DM,unemployed,2.0,3.0,43.0,none,own,1.0,management,1.0,no,no
< 0 DM,18.0,good,furniture/appliances,,< 100 DM,1 - 4 years,4.0,3.0,26.0,bank,own,1.0,skilled,1.0,no,yes
unknown,12.0,good,car,1101.0,< 100 DM,1 - 4 years,3.0,2.0,27.0,,own,2.0,skilled,1.0,yes,
> 200 DM,12.0,good,furniture/appliances,3016.0,< 100 DM,1 - 4 years,3.0,1.0,24.0,none,own,1.0,skilled,1.0,no,no
< 0 DM,36.0,good,furniture/appliances,,< 100 DM,> 7 years,2.0,2.0,41.0,bank,own,1.0,skilled,2.0,no,yes
< 0 DM,8.0,critical,car,731.0,< 100 DM,> 7 years,4.0,4.0,47.0,none,own,2.0,unskilled,1.0,no,no
unknown,18.0,critical,furniture/appliances,3780.0,< 100 DM,< 1 year,3.0,2.0,35.0,none,own,2.0,management,1.0,yes,no
< 0 DM,21.0,critical,car,1602.0,< 100 DM,> 7 years,4.0,3.0,30.0,none,own,2.0,skilled,1.0,yes,no
< 0 DM,18.0,critical,car,3966.0,< 100 DM,> 7 years,1.0,4.0,33.0,bank,rent,3.0,skilled,1.0,yes,yes
unknown,18.0,perfect,business,4165.0,< 100 DM,1 - 4 years,2.0,2.0,36.0,store,own,2.0,skilled,2.0,no,yes
< 0 DM,36.0,good,car,8335.0,unknown,> 7 years,3.0,4.0,47.0,none,other,1.0,,1.0,no,yes
1 - 200 DM,48.0,poor,business,6681.0,unknown,1 - 4 years,4.0,4.0,38.0,none,other,1.0,skilled,2.0,yes,no
unknown,24.0,poor,business,2375.0,500 - 1000 DM,1 - 4 years,4.0,2.0,44.0,none,own,2.0,skilled,2.0,yes,no
< 0 DM,18.0,good,car,1216.0,< 100 DM,< 1 year,4.0,3.0,23.0,none,rent,1.0,skilled,1.0,yes,yes
< 0 DM,45.0,perfect,business,11816.0,< 100 DM,> 7 years,2.0,4.0,29.0,none,rent,2.0,skilled,1.0,no,yes
1 - 200 DM,24.0,good,,5084.0,unknown,> 7 years,2.0,4.0,42.0,none,own,1.0,skilled,1.0,yes,no
> 200 DM,15.0,good,furniture/appliances,2327.0,< 100 DM,< 1 year,2.0,3.0,25.0,none,own,1.0,unskilled,1.0,no,yes
< 0 DM,12.0,perfect,car,1082.0,< 100 DM,1 - 4 years,4.0,4.0,48.0,bank,own,2.0,skilled,1.0,no,yes
unknown,12.0,good,furniture/appliances,886.0,unknown,1 - 4 years,4.0,2.0,21.0,none,own,1.0,skilled,1.0,no,no
unknown,4.0,good,furniture/appliances,601.0,< 100 DM,< 1 year,1.0,3.0,23.0,none,rent,1.0,unskilled,2.0,no,no
< 0 DM,24.0,critical,car,2957.0,< 100 DM,> 7 years,4.0,4.0,63.0,none,own,2.0,skilled,1.0,yes,no
unknown,24.0,critical,furniture/appliances,2611.0,< 100 DM,> 7 years,4.0,3.0,46.0,none,own,2.0,skilled,,no,no
< 0 DM,36.0,good,furniture/appliances,5179.0,< 100 DM,4 - 7 years,4.0,2.0,29.0,none,own,1.0,skilled,1.0,no,
unknown,21.0,poor,car,2993.0,< 100 DM,1 - 4 years,3.0,2.0,28.0,store,own,2.0,unskilled,1.0,no,no
unknown,18.0,good,renovations,1943.0,< 100 DM,< 1 year,4.0,4.0,23.0,none,own,1.0,skilled,1.0,no,yes
unknown,24.0,very good,business,1559.0,< 100 DM,4 - 7 years,4.0,4.0,50.0,bank,own,1.0,skilled,1.0,,no
unknown,18.0,good,furniture/appliances,3422.0,< 100 DM,> 7 years,4.0,4.0,47.0,bank,own,3.0,skilled,,yes,no
1 - 200 DM,21.0,good,furniture/appliances,,unknown,4 - 7 years,2.0,3.0,35.0,none,own,1.0,skilled,1.0,yes,no
unknown,18.0,good,car,,unknown,1 - 4 years,2.0,4.0,68.0,none,rent,2.0,skilled,1.0,no,yes
unknown,24.0,good,car,1249.0,< 100 DM,< 1 year,4.0,2.0,28.0,none,own,1.0,skilled,1.0,no,no
< 0 DM,9.0,good,furniture/appliances,1364.0,< 100 DM,4 - 7 years,3.0,4.0,59.0,none,own,1.0,skilled,1.0,no,no
< 0 DM,12.0,good,furniture/appliances,709.0,< 100 DM,> 7 years,4.0,4.0,57.0,store,own,1.0,unskilled,1.0,no,yes
< 0 DM,20.0,critical,car,2235.0,< 100 DM,1 - 4 years,4.0,2.0,33.0,bank,rent,2.0,skilled,1.0,no,yes
unknown,24.0,critical,car,4042.0,unknown,4 - 7 years,3.0,4.0,43.0,none,own,2.0,skilled,1.0,yes,no
unknown,15.0,critical,furniture/appliances,1471.0,< 100 DM,1 - 4 years,4.0,4.0,35.0,none,other,2.0,skilled,1.0,yes,no
< 0 DM,18.0,very good,car,1442.0,< 100 DM,4 - 7 years,4.0,4.0,32.0,none,other,2.0,unskilled,2.0,no,yes
unknown,36.0,poor,car,10875.0,< 100 DM,> 7 years,2.0,2.0,45.0,none,own,2.0,skilled,2.0,yes,no
unknown,24.0,good,car,1474.0,100 - 500 DM,< 1 year,4.0,3.0,33.0,none,own,1.0,skilled,1.0,yes,no
unknown,10.0,good,education,894.0,unknown,4 - 7 years,4.0,3.0,40.0,none,own,1.0,skilled,1.0,yes,no
unknown,15.0,critical,furniture/appliances,3343.0,< 100 DM,1 - 4 years,4.0,2.0,28.0,none,other,1.0,skilled,1.0,yes,no
< 0 DM,15.0,good,car,3959.0,< 100 DM,1 - 4 years,3.0,2.0,29.0,none,own,1.0,skilled,1.0,yes,yes
unknown,,good,car,3577.0,100 - 500 DM,1 - 4 years,1.0,2.0,26.0,none,rent,,skilled,2.0,no,no
unknown,24.0,critical,car,5804.0,> 1000 DM,1 - 4 years,4.0,2.0,27.0,none,own,2.0,skilled,1.0,no,no
unknown,18.0,,business,2169.0,< 100 DM,1 - 4 years,4.0,2.0,28.0,none,own,1.0,skilled,1.0,yes,yes
< 0 DM,24.0,good,furniture/appliances,,< 100 DM,< 1 year,4.0,4.0,35.0,none,own,1.0,skilled,1.0,yes,yes
unknown,27.0,critical,furniture/appliances,4526.0,> 1000 DM,< 1 year,4.0,2.0,32.0,store,own,2.0,unskilled,2.0,yes,no
unknown,10.0,good,furniture/appliances,2210.0,< 100 DM,1 - 4 years,2.0,2.0,25.0,bank,rent,1.0,unskilled,1.0,no,yes
unknown,15.0,,furniture/appliances,2221.0,500 - 1000 DM,1 - 4 years,2.0,4.0,20.0,none,rent,1.0,skilled,1.0,no,no
< 0 DM,18.0,good,furniture/appliances,2389.0,< 100 DM,< 1 year,4.0,1.0,27.0,store,own,1.0,skilled,1.0,no,no
unknown,12.0,critical,furniture/appliances,3331.0,< 100 DM,> 7 years,,4.0,42.0,store,own,1.0,skilled,1.0,no,
unknown,36.0,good,business,7409.0,unknown,> 7 years,3.0,2.0,37.0,none,own,2.0,skilled,1.0,no,no
< 0 DM,12.0,good,furniture/appliances,652.0,< 100 DM,> 7 years,4.0,4.0,24.0,none,rent,1.0,skilled,1.0,no,no
unknown,36.0,poor,furniture/appliances,,500 - 1000 DM,4 - 7 years,,4.0,40.0,none,own,2.0,skilled,1.0,,no
> 200 DM,6.0,critical,car,1343.0,< 100 DM,> 7 years,1.0,4.0,46.0,none,own,2.0,skilled,2.0,no,no
< 0 DM,24.0,critical,business,1382.0,100 - 500 DM,4 - 7 years,4.0,1.0,26.0,none,own,2.0,skilled,1.0,yes,no
unknown,15.0,good,furniture/appliances,874.0,unknown,< 1 year,4.0,1.0,24.0,none,own,1.0,skilled,1.0,no,no
< 0 DM,12.0,good,furniture/appliances,3590.0,< 100 DM,1 - 4 years,2.0,2.0,29.0,none,own,1.0,unskilled,2.0,no,no
1 - 200 DM,11.0,critical,car,1322.0,> 1000 DM,1 - 4 years,4.0,4.0,40.0,none,own,2.0,skilled,1.0,no,no
< 0 DM,18.0,very good,furniture/appliances,1940.0,< 100 DM,< 1 year,3.0,4.0,36.0,bank,other,1.0,management,1.0,yes,no
unknown,36.0,good,furniture/appliances,3595.0,< 100 DM,> 7 years,4.0,2.0,28.0,none,own,1.0,skilled,1.0,no,no
< 0 DM,9.0,good,car,1422.0,< 100 DM,< 1 year,3.0,2.0,27.0,none,other,1.0,management,1.0,yes,yes
unknown,30.0,critical,furniture/appliances,6742.0,unknown,4 - 7 years,2.0,3.0,36.0,none,own,2.0,skilled,1.0,,no
unknown,24.0,good,car,7814.0,< 100 DM,4 - 7 years,3.0,3.0,38.0,none,own,1.0,management,1.0,yes,no
unknown,24.0,good,car,9277.0,unknown,1 - 4 years,2.0,4.0,48.0,none,other,1.0,skilled,1.0,yes,no
1 - 200 DM,30.0,critical,car,2181.0,unknown,> 7 years,4.0,4.0,36.0,none,own,2.0,skilled,1.0,no,no
unknown,18.0,critical,furniture/appliances,1098.0,< 100 DM,unemployed,4.0,4.0,65.0,none,own,2.0,,1.0,no,no
,24.0,good,furniture/appliances,4057.0,< 100 DM,4 - 7 years,3.0,3.0,43.0,none,own,1.0,skilled,1.0,yes,yes
< 0 DM,12.0,good,education,795.0,< 100 DM,< 1 year,4.0,4.0,53.0,none,own,1.0,skilled,1.0,no,yes
1 - 200 DM,24.0,critical,business,2825.0,unknown,4 - 7 years,4.0,3.0,34.0,none,own,2.0,skilled,2.0,yes,no
1 - 200 DM,48.0,good,business,15672.0,< 100 DM,1 - 4 years,2.0,2.0,23.0,none,own,1.0,skilled,1.0,yes,yes
unknown,36.0,critical,car,6614.0,< 100 DM,> 7 years,4.0,4.0,34.0,none,own,2.0,management,1.0,yes,no
,28.0,very good,car,7824.0,unknown,,3.0,4.0,40.0,bank,rent,2.0,skilled,2.0,yes,no
< 0 DM,27.0,critical,business,2442.0,< 100 DM,> 7 years,4.0,4.0,43.0,store,own,4.0,management,2.0,yes,no
unknown,15.0,critical,furniture/appliances,1829.0,< 100 DM,> 7 years,4.0,4.0,46.0,none,own,2.0,skilled,1.0,yes,no
< 0 DM,12.0,critical,car,2171.0,< 100 DM,1 - 4 years,4.0,4.0,38.0,bank,own,2.0,unskilled,1.0,no,no
1 - 200 DM,36.0,critical,car,5800.0,< 100 DM,1 - 4 years,3.0,4.0,34.0,none,own,2.0,skilled,,yes,
unknown,18.0,critical,furniture/appliances,1169.0,unknown,1 - 4 years,,3.0,29.0,none,own,2.0,skilled,1.0,yes,no
unknown,36.0,poor,car,8947.0,unknown,4 - 7 years,3.0,2.0,31.0,store,,1.0,management,2.0,yes,no
< 0 DM,21.0,good,furniture/appliances,2606.0,< 100 DM,< 1 year,4.0,4.0,28.0,none,rent,1.0,management,1.0,yes,
unknown,12.0,critical,furniture/appliances,1592.0,> 1000 DM,4 - 7 years,3.0,2.0,35.0,none,own,1.0,skilled,1.0,no,no
unknown,15.0,good,furniture/appliances,2186.0,unknown,4 - 7 years,,4.0,33.0,bank,rent,1.0,unskilled,1.0,no,no
< 0 DM,18.0,good,furniture/appliances,4153.0,< 100 DM,1 - 4 years,2.0,3.0,42.0,none,own,1.0,skilled,1.0,no,yes
,16.0,critical,car,2625.0,< 100 DM,> 7 years,2.0,4.0,43.0,bank,rent,1.0,skilled,1.0,yes,yes
unknown,20.0,critical,car,3485.0,unknown,< 1 year,2.0,4.0,44.0,none,own,2.0,skilled,1.0,yes,no
unknown,36.0,critical,car,10477.0,unknown,> 7 years,2.0,4.0,42.0,none,other,2.0,skilled,1.0,,no
unknown,15.0,good,furniture/appliances,1386.0,unknown,1 - 4 years,4.0,2.0,40.0,,rent,1.0,skilled,1.0,yes,no
unknown,24.0,good,furniture/appliances,1278.0,< 100 DM,> 7 years,4.0,1.0,36.0,none,own,1.0,management,1.0,yes,no
< 0 DM,12.0,good,furniture/appliances,1107.0,< 100 DM,1 - 4 years,2.0,2.0,20.0,none,rent,1.0,management,2.0,yes,no
< 0 DM,21.0,good,car,3763.0,unknown,4 - 7 years,2.0,2.0,24.0,none,own,1.0,unskilled,1.0,no,no
1 - 200 DM,36.0,good,education,3711.0,unknown,1 - 4 years,2.0,2.0,27.0,none,own,1.0,skilled,1.0,no,no
unknown,15.0,poor,car,3594.0,< 100 DM,< 1 year,1.0,2.0,46.0,none,own,2.0,,1.0,no,no
1 - 200 DM,9.0,good,car,3195.0,unknown,1 - 4 years,1.0,2.0,33.0,none,own,1.0,unskilled,1.0,no,no
unknown,36.0,poor,furniture/appliances,4454.0,< 100 DM,1 - 4 years,4.0,4.0,34.0,none,own,2.0,skilled,1.0,no,no
1 - 200 DM,24.0,critical,furniture/appliances,4736.0,< 100 DM,< 1 year,2.0,,25.0,bank,own,1.0,unskilled,1.0,no,yes
1 - 200 DM,30.0,good,furniture/appliances,2991.0,unknown,> 7 years,2.0,4.0,25.0,none,own,1.0,skilled,1.0,no,no
unknown,11.0,good,business,2142.0,> 1000 DM,> 7 years,1.0,2.0,,none,own,1.0,skilled,1.0,yes,no
< 0 DM,24.0,very good,business,3161.0,< 100 DM,1 - 4 years,4.0,2.0,31.0,none,rent,1.0,skilled,1.0,yes,yes
1 - 200 DM,48.0,perfect,car0,18424.0,< 100 DM,1 - 4 years,,2.0,32.0,bank,own,1.0,management,1.0,yes,yes
unknown,10.0,good,car,2848.0,100 - 500 DM,1 - 4 years,1.0,2.0,32.0,none,own,1.0,,2.0,no,no
< 0 DM,6.0,good,car,14896.0,< 100 DM,> 7 years,1.0,4.0,68.0,bank,own,1.0,management,1.0,yes,
< 0 DM,24.0,good,furniture/appliances,2359.0,100 - 500 DM,unemployed,1.0,1.0,33.0,none,own,1.0,skilled,1.0,no,yes
< 0 DM,24.0,good,furniture/appliances,3345.0,< 100 DM,> 7 years,4.0,,39.0,none,rent,1.0,management,1.0,yes,yes
unknown,18.0,critical,furniture/appliances,1817.0,< 100 DM,1 - 4 years,4.0,2.0,28.0,none,own,2.0,skilled,1.0,no,no
unknown,48.0,poor,furniture/appliances,12749.0,500 - 1000 DM,4 - 7 years,4.0,1.0,,none,own,1.0,management,1.0,yes,no
< 0 DM,9.0,good,furniture/appliances,1366.0,< 100 DM,< 1 year,3.0,4.0,22.0,none,rent,1.0,skilled,1.0,no,yes
1 - 200 DM,,good,car,2002.0,< 100 DM,4 - 7 years,,4.0,30.0,none,rent,1.0,skilled,2.0,yes,no
< 0 DM,24.0,very good,furniture/appliances,6872.0,< 100 DM,< 1 year,2.0,1.0,55.0,bank,own,1.0,skilled,1.0,yes,yes
< 0 DM,12.0,very good,car,697.0,< 100 DM,< 1 year,4.0,2.0,46.0,bank,own,2.0,skilled,1.0,yes,yes
< 0 DM,18.0,critical,furniture/appliances,1049.0,< 100 DM,< 1 year,4.0,4.0,21.0,none,rent,1.0,skilled,1.0,no,no
< 0 DM,48.0,good,car,10297.0,< 100 DM,4 - 7 years,4.0,4.0,39.0,store,other,3.0,skilled,2.0,yes,yes
unknown,30.0,good,furniture/appliances,1867.0,unknown,> 7 years,4.0,4.0,58.0,none,own,1.0,skilled,1.0,yes,no
< 0 DM,12.0,poor,car,1344.0,< 100 DM,1 - 4 years,4.0,2.0,43.0,none,own,2.0,unskilled,2.0,no,no
< 0 DM,24.0,good,furniture/appliances,1747.0,< 100 DM,< 1 year,4.0,1.0,24.0,none,own,1.0,unskilled,1.0,no,no
1 - 200 DM,9.0,good,furniture/appliances,1670.0,< 100 DM,< 1 year,4.0,2.0,22.0,none,own,1.0,skilled,1.0,yes,yes
unknown,9.0,critical,car,1224.0,< 100 DM,1 - 4 years,3.0,1.0,30.0,none,own,2.0,skilled,1.0,no,no
unknown,12.0,critical,furniture/appliances,522.0,500 - 1000 DM,> 7 years,4.0,4.0,42.0,none,own,2.0,skilled,2.0,yes,no
< 0 DM,12.0,good,furniture/appliances,1498.0,< 100 DM,1 - 4 years,4.0,1.0,23.0,bank,own,1.0,skilled,1.0,no,no
1 - 200 DM,30.0,poor,furniture/appliances,1919.0,100 - 500 DM,< 1 year,4.0,3.0,30.0,store,own,2.0,management,1.0,no,yes
> 200 DM,9.0,good,furniture/appliances,745.0,< 100 DM,1 - 4 years,3.0,2.0,28.0,none,own,1.0,unskilled,1.0,no,yes
1 - 200 DM,6.0,good,furniture/appliances,2063.0,< 100 DM,< 1 year,4.0,3.0,30.0,none,rent,1.0,management,1.0,yes,no
1 - 200 DM,60.0,good,education,6288.0,< 100 DM,1 - 4 years,4.0,4.0,42.0,,other,1.0,skilled,1.0,no,yes
,24.0,,car,6842.0,unknown,1 - 4 years,2.0,4.0,46.0,none,own,2.0,management,2.0,yes,no
unknown,12.0,good,car,3527.0,unknown,< 1 year,2.0,3.0,45.0,none,own,1.0,management,2.0,yes,no
,10.0,good,car,1546.0,< 100 DM,1 - 4 years,3.0,2.0,31.0,none,own,1.0,unskilled,2.0,no,no
unknown,24.0,good,furniture/appliances,929.0,unknown,4 - 7 years,4.0,2.0,31.0,store,own,1.0,skilled,1.0,yes,no
unknown,4.0,critical,car,1455.0,< 100 DM,4 - 7 years,2.0,1.0,42.0,none,own,3.0,unskilled,2.0,no,no
< 0 DM,15.0,good,furniture/appliances,1845.0,< 100 DM,< 1 year,4.0,1.0,46.0,none,rent,1.0,skilled,1.0,no,no
1 - 200 DM,48.0,perfect,car,8358.0,500 - 1000 DM,< 1 year,1.0,1.0,30.0,none,own,2.0,skilled,1.0,no,no
< 0 DM,24.0,very good,furniture/appliances,3349.0,500 - 1000 DM,< 1 year,4.0,4.0,30.0,none,other,,skilled,2.0,yes,yes
unknown,12.0,good,car,2859.0,unknown,unemployed,4.0,4.0,38.0,none,own,1.0,management,1.0,yes,no
unknown,18.0,good,furniture/appliances,1533.0,< 100 DM,< 1 year,4.0,1.0,43.0,none,own,1.0,unskilled,2.0,no,yes
unknown,24.0,good,furniture/appliances,3621.0,100 - 500 DM,> 7 years,2.0,4.0,31.0,none,,2.0,skilled,1.0,no,
1 - 200 DM,18.0,critical,business,3590.0,< 100 DM,unemployed,3.0,3.0,40.0,none,own,3.0,unemployed,2.0,yes,no
< 0 DM,36.0,poor,business,2145.0,< 100 DM,4 - 7 years,2.0,1.0,24.0,none,own,2.0,skilled,1.0,yes,yes
1 - 200 DM,24.0,good,car,4113.0,500 - 1000 DM,< 1 year,3.0,4.0,28.0,none,rent,1.0,skilled,1.0,no,yes
unknown,36.0,good,furniture/appliances,10974.0,< 100 DM,unemployed,4.0,2.0,26.0,none,,2.0,management,1.0,yes,yes
< 0 DM,12.0,good,car,1893.0,< 100 DM,1 - 4 years,4.0,4.0,29.0,none,own,1.0,skilled,1.0,yes,no
< 0 DM,24.0,critical,furniture/appliances,1231.0,,> 7 years,4.0,4.0,57.0,none,rent,2.0,management,1.0,yes,no
> 200 DM,30.0,critical,furniture/appliances,3656.0,unknown,> 7 years,4.0,4.0,49.0,store,own,2.0,unskilled,1.0,no,no
1 - 200 DM,9.0,critical,furniture/appliances,1154.0,< 100 DM,> 7 years,,4.0,37.0,none,own,3.0,unskilled,,no,no
< 0 DM,28.0,good,car,4006.0,< 100 DM,1 - 4 years,3.0,2.0,45.0,none,own,1.0,unskilled,1.0,no,yes
1 - 200 DM,24.0,good,furniture/appliances,3069.0,100 - 500 DM,> 7 years,4.0,4.0,30.0,none,other,1.0,skilled,1.0,no,no
unknown,6.0,critical,furniture/appliances,1740.0,< 100 DM,> 7 years,,2.0,30.0,none,rent,2.0,skilled,1.0,no,no
1 - 200 DM,21.0,poor,car,2353.0,,1 - 4 years,1.0,4.0,47.0,none,own,2.0,skilled,1.0,no,no
unknown,15.0,good,car,3556.0,unknown,1 - 4 years,3.0,2.0,29.0,none,own,1.0,skilled,1.0,no,no
unknown,24.0,good,furniture/appliances,2397.0,500 - 1000 DM,> 7 years,3.0,2.0,35.0,bank,own,2.0,skilled,1.0,,yes
1 - 200 DM,6.0,good,renovations,454.0,< 100 DM,< 1 year,3.0,1.0,22.0,none,own,1.0,unskilled,1.0,no,
1 - 200 DM,30.0,,furniture/appliances,1715.0,unknown,1 - 4 years,4.0,1.0,26.0,none,own,1.0,skilled,1.0,no,no
1 - 200 DM,27.0,critical,furniture/appliances,2520.0,500 - 1000 DM,1 - 4 years,4.0,2.0,23.0,none,own,2.0,unskilled,1.0,no,yes
unknown,15.0,good,furniture/appliances,,< 100 DM,> 7 years,4.0,2.0,54.0,bank,rent,1.0,management,1.0,yes,no
unknown,42.0,good,furniture/appliances,7166.0,unknown,4 - 7 years,2.0,4.0,29.0,none,rent,1.0,skilled,1.0,yes,no
< 0 DM,11.0,critical,car,3939.0,< 100 DM,1 - 4 years,1.0,2.0,40.0,none,own,2.0,unskilled,2.0,no,no
1 - 200 DM,15.0,good,renovations,1514.0,100 - 500 DM,1 - 4 years,4.0,2.0,22.0,none,own,1.0,skilled,1.0,no,no
unknown,24.0,good,car,7393.0,< 100 DM,1 - 4 years,1.0,4.0,43.0,none,own,1.0,unskilled,,no,no
< 0 DM,24.0,very good,,1193.0,< 100 DM,unemployed,1.0,4.0,29.0,none,rent,2.0,unemployed,1.0,no,yes
< 0 DM,,good,business,7297.0,< 100 DM,> 7 years,4.0,4.0,36.0,none,rent,1.0,skilled,1.0,no,yes
unknown,30.0,critical,furniture/appliances,2831.0,< 100 DM,1 - 4 years,4.0,2.0,33.0,none,own,1.0,skilled,1.0,yes,no
> 200 DM,24.0,good,furniture/appliances,1258.0,500 - 1000 DM,1 - 4 years,3.0,3.0,57.0,none,own,1.0,unskilled,1.0,no,no
1 - 200 DM,6.0,good,furniture/appliances,753.0,< 100 DM,1 - 4 years,2.0,3.0,,none,own,1.0,skilled,1.0,no,no
1 - 200 DM,18.0,poor,business,2427.0,unknown,> 7 years,4.0,2.0,42.0,none,own,2.0,skilled,1.0,no,no
unknown,24.0,poor,car,2538.0,< 100 DM,> 7 years,4.0,4.0,47.0,none,own,2.0,unskilled,2.0,no,yes
1 - 200 DM,15.0,very good,car,1264.0,100 - 500 DM,1 - 4 years,2.0,2.0,,none,rent,1.0,skilled,1.0,no,yes
,30.0,critical,furniture/appliances,8386.0,< 100 DM,4 - 7 years,2.0,2.0,49.0,,own,1.0,skilled,1.0,no,yes
unknown,48.0,good,business,4844.0,< 100 DM,unemployed,3.0,2.0,33.0,bank,rent,,management,1.0,yes,yes
> 200 DM,,good,car,2923.0,100 - 500 DM,1 - 4 years,1.0,1.0,,bank,own,1.0,management,,yes,no
< 0 DM,36.0,good,car,8229.0,< 100 DM,1 - 4 years,2.0,2.0,26.0,none,own,1.0,skilled,2.0,no,yes
unknown,24.0,,furniture/appliances,2028.0,< 100 DM,4 - 7 years,2.0,2.0,30.0,none,own,2.0,unskilled,1.0,no,no
< 0 DM,15.0,critical,furniture/appliances,1433.0,< 100 DM,1 - 4 years,4.0,3.0,25.0,none,rent,2.0,skilled,1.0,no,no
> 200 DM,42.0,perfect,business,6289.0,< 100 DM,< 1 year,2.0,1.0,33.0,none,own,2.0,skilled,1.0,no,no
unknown,13.0,good,furniture/appliances,1409.0,100 - 500 DM,unemployed,2.0,4.0,64.0,none,own,1.0,skilled,1.0,no,no
< 0 DM,24.0,good,car,6579.0,< 100 DM,unemployed,4.0,2.0,29.0,none,other,1.0,management,1.0,yes,no
1 - 200 DM,24.0,critical,furniture/appliances,1743.0,< 100 DM,> 7 years,4.0,2.0,48.0,none,own,2.0,unskilled,1.0,no,no
unknown,,critical,education,3565.0,unknown,< 1 year,2.0,1.0,37.0,none,own,2.0,unskilled,2.0,,no
unknown,15.0,very good,furniture/appliances,1569.0,100 - 500 DM,> 7 years,4.0,4.0,34.0,bank,own,1.0,unskilled,2.0,no,no
< 0 DM,18.0,good,furniture/appliances,1936.0,unknown,4 - 7 years,2.0,4.0,23.0,none,rent,2.0,unskilled,1.0,no,no
< 0 DM,36.0,good,furniture/appliances,3959.0,< 100 DM,unemployed,4.0,3.0,30.0,none,own,1.0,management,1.0,yes,no
unknown,12.0,,car,2390.0,unknown,> 7 years,4.0,3.0,50.0,,own,1.0,skilled,1.0,yes,no
unknown,12.0,good,furniture/appliances,1736.0,< 100 DM,4 - 7 years,3.0,,31.0,none,own,1.0,unskilled,1.0,no,no
< 0 DM,30.0,good,car,3857.0,< 100 DM,1 - 4 years,4.0,4.0,40.0,none,own,1.0,management,1.0,yes,no
unknown,12.0,good,furniture/appliances,804.0,< 100 DM,> 7 years,4.0,4.0,38.0,none,own,1.0,skilled,1.0,no,no
< 0 DM,45.0,good,furniture/appliances,1845.0,< 100 DM,1 - 4 years,4.0,4.0,23.0,none,other,1.0,skilled,1.0,yes,yes
1 - 200 DM,45.0,critical,car,4576.0,100 - 500 DM,unemployed,3.0,4.0,27.0,none,own,1.0,skilled,1.0,no,no
